parent_plate,parent_well_index,parent_well,solution_id,replicate,plate_control,plate_blank,strain,environment
Plate 1$e10e4154841fc7d354ac258f782461a78b85ddd2,1,A1,CDM -- l_asparagine_100x -- l_tyrosine_100x,1,False,False,S. mutans UA159,aerobic
Plate 1$e10e4154841fc7d354ac258f782461a78b85ddd2,2,A2,CDM -- l_arginine_100x -- l_serine_100x,1,False,False,S. mutans UA159,aerobic
Plate 1$e10e4154841fc7d354ac258f782461a78b85ddd2,3,A3,CDM -- l_threonine_100x -- l_serine_100x,1,False,False,S. mutans UA159,aerobic
Plate 1$e10e4154841fc7d354ac258f782461a78b85ddd2,4,A4,CDM -- l_asparagine_100x -- prolines_100x,1,False,False,S. mutans UA159,aerobic
Plate 1$e10e4154841fc7d354ac258f782461a78b85ddd2,5,A5,CDM -- dl_alanine_100x -- l_serine_100x,1,False,False,S. mutans UA159,aerobic
Plate 1$e10e4154841fc7d354ac258f782461a78b85ddd2,6,A6,CDM -- l_threonine_100x -- l_tyrosine_100x,2,False,False,S. mutans UA159,aerobic
Plate 1$e10e4154841fc7d354ac258f782461a78b85ddd2,7,A7,CDM -- l_tyrosine_100x -- l_phenylalanine_100x,3,False,False,S. mutans UA159,aerobic
Plate 1$e10e4154841fc7d354ac258f782461a78b85ddd2,8,A8,CDM -- l_aspartic_acid_45x -- l_phenylalanine_100x,2,False,False,S. mutans UA159,aerobic
Plate 1$e10e4154841fc7d354ac258f782461a78b85ddd2,9,A9,CDM -- l_valine_100x -- l_cysteine_100x,1,False,False,S. mutans UA159,aerobic
Plate 1$e10e4154841fc7d354ac258f782461a78b85ddd2,10,A10,CDM -- l_phenylalanine_100x,3,False,False,S. mutans UA159,aerobic
Plate 1$e10e4154841fc7d354ac258f782461a78b85ddd2,11,A11,CDM -- l_asparagine_100x -- l_threonine_100x,2,False,False,S. mutans UA159,aerobic
Plate 1$e10e4154841fc7d354ac258f782461a78b85ddd2,12,A12,CDM -- glycine_100x -- l_glutamine_100x,3,False,False,S. mutans UA159,aerobic
Plate 1$e10e4154841fc7d354ac258f782461a78b85ddd2,13,A13,CDM -- l_methionine_100x -- l_histidine_100x,2,False,False,S. mutans UA159,aerobic
Plate 1$e10e4154841fc7d354ac258f782461a78b85ddd2,14,A14,CDM -- l_valine_100x -- l_cysteine_100x,2,False,False,S. mutans UA159,aerobic
Plate 1$e10e4154841fc7d354ac258f782461a78b85ddd2,15,A15,CDM -- l_serine_100x -- l_glutamic_acid_75x,1,False,False,S. mutans UA159,aerobic
Plate 1$e10e4154841fc7d354ac258f782461a78b85ddd2,16,A16,CDM -- l_isoleucine_100x -- l_threonine_100x,1,False,False,S. mutans UA159,aerobic
Plate 1$e10e4154841fc7d354ac258f782461a78b85ddd2,17,A17,CDM -- glycine_100x -- l_asparagine_100x,3,False,False,S. mutans UA159,aerobic
Plate 1$e10e4154841fc7d354ac258f782461a78b85ddd2,18,A18,CDM -- prolines_100x -- l_glutamic_acid_75x,1,False,False,S. mutans UA159,aerobic
Plate 1$e10e4154841fc7d354ac258f782461a78b85ddd2,19,A19,CDM -- dl_alanine_100x,3,False,False,S. mutans UA159,aerobic
Plate 1$e10e4154841fc7d354ac258f782461a78b85ddd2,20,A20,CDM -- l_aspartic_acid_45x -- l_tryptophan_100x,1,False,False,S. mutans UA159,aerobic
Plate 1$e10e4154841fc7d354ac258f782461a78b85ddd2,21,A21,CDM -- dl_alanine_100x -- l_aspartic_acid_45x,2,False,False,S. mutans UA159,aerobic
Plate 1$e10e4154841fc7d354ac258f782461a78b85ddd2,22,A22,CDM -- l_cysteine_100x -- l_glutamic_acid_75x,1,False,False,S. mutans UA159,aerobic
Plate 1$e10e4154841fc7d354ac258f782461a78b85ddd2,23,A23,CDM -- l_asparagine_100x -- prolines_100x,3,False,False,S. mutans UA159,aerobic
Plate 1$e10e4154841fc7d354ac258f782461a78b85ddd2,24,A24,CDM -- l_phenylalanine_100x,1,False,False,S. mutans UA159,aerobic
Plate 1$e10e4154841fc7d354ac258f782461a78b85ddd2,25,B1,CDM -- l_aspartic_acid_45x -- l_histidine_100x,1,False,False,S. mutans UA159,aerobic
Plate 1$e10e4154841fc7d354ac258f782461a78b85ddd2,26,B2,CDM -- l_isoleucine_100x -- l_lysine_100x,1,False,False,S. mutans UA159,aerobic
Plate 1$e10e4154841fc7d354ac258f782461a78b85ddd2,27,B3,CDM -- l_glutamic_acid_75x -- l_histidine_100x,2,False,False,S. mutans UA159,aerobic
Plate 1$e10e4154841fc7d354ac258f782461a78b85ddd2,28,B4,CDM -- l_serine_100x -- l_lysine_100x,2,False,False,S. mutans UA159,aerobic
Plate 1$e10e4154841fc7d354ac258f782461a78b85ddd2,29,B5,CDM -- l_methionine_100x -- l_histidine_100x,3,False,False,S. mutans UA159,aerobic
Plate 1$e10e4154841fc7d354ac258f782461a78b85ddd2,30,B6,CDM -- l_leucine_100x -- l_cysteine_100x,2,False,False,S. mutans UA159,aerobic
Plate 1$e10e4154841fc7d354ac258f782461a78b85ddd2,31,B7,CDM -- l_methionine_100x -- l_serine_100x,1,False,False,S. mutans UA159,aerobic
Plate 1$e10e4154841fc7d354ac258f782461a78b85ddd2,32,B8,CDM -- prolines_100x -- l_serine_100x,1,False,False,S. mutans UA159,aerobic
Plate 1$e10e4154841fc7d354ac258f782461a78b85ddd2,33,B9,CDM -- l_glutamine_100x -- l_aspartic_acid_45x,1,False,False,S. mutans UA159,aerobic
Plate 1$e10e4154841fc7d354ac258f782461a78b85ddd2,34,B10,CDM -- glycine_100x -- l_isoleucine_100x,2,False,False,S. mutans UA159,aerobic
Plate 1$e10e4154841fc7d354ac258f782461a78b85ddd2,35,B11,CDM -- l_asparagine_100x -- l_glutamic_acid_75x,3,False,False,S. mutans UA159,aerobic
Plate 1$e10e4154841fc7d354ac258f782461a78b85ddd2,36,B12,CDM -- dl_alanine_100x -- l_arginine_100x,1,False,False,S. mutans UA159,aerobic
Plate 1$e10e4154841fc7d354ac258f782461a78b85ddd2,37,B13,CDM -- l_glutamine_100x -- l_tryptophan_100x,3,False,False,S. mutans UA159,aerobic
Plate 1$e10e4154841fc7d354ac258f782461a78b85ddd2,38,B14,CDM -- l_glutamine_100x -- l_valine_100x,1,False,False,S. mutans UA159,aerobic
Plate 1$e10e4154841fc7d354ac258f782461a78b85ddd2,39,B15,CDM -- l_tyrosine_100x,1,False,False,S. mutans UA159,aerobic
Plate 1$e10e4154841fc7d354ac258f782461a78b85ddd2,40,B16,CDM -- l_glutamic_acid_75x -- l_histidine_100x,3,False,False,S. mutans UA159,aerobic
Plate 1$e10e4154841fc7d354ac258f782461a78b85ddd2,41,B17,CDM -- l_leucine_100x -- l_serine_100x,1,False,False,S. mutans UA159,aerobic
Plate 1$e10e4154841fc7d354ac258f782461a78b85ddd2,42,B18,CDM -- l_leucine_100x -- l_valine_100x,3,False,False,S. mutans UA159,aerobic
Plate 1$e10e4154841fc7d354ac258f782461a78b85ddd2,43,B19,CDM -- l_methionine_100x -- l_aspartic_acid_45x,2,False,False,S. mutans UA159,aerobic
Plate 1$e10e4154841fc7d354ac258f782461a78b85ddd2,44,B20,CDM -- l_leucine_100x -- l_serine_100x,3,False,False,S. mutans UA159,aerobic
Plate 1$e10e4154841fc7d354ac258f782461a78b85ddd2,45,B21,CDM -- l_tyrosine_100x,2,False,False,S. mutans UA159,aerobic
Plate 1$e10e4154841fc7d354ac258f782461a78b85ddd2,46,B22,CDM -- l_glutamine_100x -- l_valine_100x,2,False,False,S. mutans UA159,aerobic
Plate 1$e10e4154841fc7d354ac258f782461a78b85ddd2,47,B23,CDM -- l_glutamine_100x -- l_aspartic_acid_45x,2,False,False,S. mutans UA159,aerobic
Plate 1$e10e4154841fc7d354ac258f782461a78b85ddd2,48,B24,CDM -- l_lysine_100x -- l_phenylalanine_100x,3,False,False,S. mutans UA159,aerobic
Plate 1$e10e4154841fc7d354ac258f782461a78b85ddd2,49,C1,CDM -- dl_alanine_100x -- l_valine_100x,1,False,False,S. mutans UA159,aerobic
Plate 1$e10e4154841fc7d354ac258f782461a78b85ddd2,50,C2,CDM -- l_lysine_100x -- l_glutamic_acid_75x,2,False,False,S. mutans UA159,aerobic
Plate 1$e10e4154841fc7d354ac258f782461a78b85ddd2,51,C3,CDM -- glycine_100x -- l_glutamine_100x,2,False,False,S. mutans UA159,aerobic
Plate 1$e10e4154841fc7d354ac258f782461a78b85ddd2,52,C4,CDM -- l_cysteine_100x -- l_glutamic_acid_75x,2,False,False,S. mutans UA159,aerobic
Plate 1$e10e4154841fc7d354ac258f782461a78b85ddd2,53,C5,CDM -- l_cysteine_100x -- l_phenylalanine_100x,2,False,False,S. mutans UA159,aerobic
Plate 1$e10e4154841fc7d354ac258f782461a78b85ddd2,54,C6,CDM -- l_aspartic_acid_45x -- l_phenylalanine_100x,1,False,False,S. mutans UA159,aerobic
Plate 1$e10e4154841fc7d354ac258f782461a78b85ddd2,55,C7,CDM,3,False,True,S. mutans UA159,aerobic
Plate 1$e10e4154841fc7d354ac258f782461a78b85ddd2,56,C8,CDM -- l_asparagine_100x -- l_histidine_100x,1,False,False,S. mutans UA159,aerobic
Plate 1$e10e4154841fc7d354ac258f782461a78b85ddd2,57,C9,CDM -- l_leucine_100x -- l_cysteine_100x,3,False,False,S. mutans UA159,aerobic
Plate 1$e10e4154841fc7d354ac258f782461a78b85ddd2,58,C10,CDM -- l_glutamine_100x -- l_tryptophan_100x,2,False,False,S. mutans UA159,aerobic
Plate 1$e10e4154841fc7d354ac258f782461a78b85ddd2,59,C11,CDM -- l_arginine_100x -- l_valine_100x,3,False,False,S. mutans UA159,aerobic
Plate 1$e10e4154841fc7d354ac258f782461a78b85ddd2,60,C12,CDM -- l_tryptophan_100x -- l_histidine_100x,3,False,False,S. mutans UA159,aerobic
Plate 1$e10e4154841fc7d354ac258f782461a78b85ddd2,61,C13,CDM -- l_lysine_100x,3,False,False,S. mutans UA159,aerobic
Plate 1$e10e4154841fc7d354ac258f782461a78b85ddd2,62,C14,CDM -- glycine_100x -- l_asparagine_100x,2,False,False,S. mutans UA159,aerobic
Plate 1$e10e4154841fc7d354ac258f782461a78b85ddd2,63,C15,CDM -- l_tryptophan_100x -- l_cysteine_100x,2,False,False,S. mutans UA159,aerobic
Plate 1$e10e4154841fc7d354ac258f782461a78b85ddd2,64,C16,CDM -- glycine_100x -- l_isoleucine_100x,1,False,False,S. mutans UA159,aerobic
Plate 1$e10e4154841fc7d354ac258f782461a78b85ddd2,65,C17,CDM -- l_glutamic_acid_75x -- l_histidine_100x,1,False,False,S. mutans UA159,aerobic
Plate 1$e10e4154841fc7d354ac258f782461a78b85ddd2,66,C18,CDM -- l_methionine_100x -- l_valine_100x,3,False,False,S. mutans UA159,aerobic
Plate 1$e10e4154841fc7d354ac258f782461a78b85ddd2,67,C19,CDM -- l_aspartic_acid_45x -- l_valine_100x,2,False,False,S. mutans UA159,aerobic
Plate 1$e10e4154841fc7d354ac258f782461a78b85ddd2,68,C20,CDM -- l_asparagine_100x -- l_lysine_100x,3,False,False,S. mutans UA159,aerobic
Plate 1$e10e4154841fc7d354ac258f782461a78b85ddd2,69,C21,CDM -- dl_alanine_100x -- l_tryptophan_100x,1,False,False,S. mutans UA159,aerobic
Plate 1$e10e4154841fc7d354ac258f782461a78b85ddd2,70,C22,CDM -- dl_alanine_100x -- l_leucine_100x,2,False,False,S. mutans UA159,aerobic
Plate 1$e10e4154841fc7d354ac258f782461a78b85ddd2,71,C23,CDM -- l_aspartic_acid_45x -- l_cysteine_100x,2,False,False,S. mutans UA159,aerobic
Plate 1$e10e4154841fc7d354ac258f782461a78b85ddd2,72,C24,CDM -- l_methionine_100x -- l_lysine_100x,2,False,False,S. mutans UA159,aerobic
Plate 1$e10e4154841fc7d354ac258f782461a78b85ddd2,73,D1,CDM -- l_isoleucine_100x -- l_aspartic_acid_45x,2,False,False,S. mutans UA159,aerobic
Plate 1$e10e4154841fc7d354ac258f782461a78b85ddd2,74,D2,CDM -- l_aspartic_acid_45x -- l_histidine_100x,2,False,False,S. mutans UA159,aerobic
Plate 1$e10e4154841fc7d354ac258f782461a78b85ddd2,75,D3,CDM -- l_serine_100x,1,False,False,S. mutans UA159,aerobic
Plate 1$e10e4154841fc7d354ac258f782461a78b85ddd2,76,D4,CDM -- l_glutamine_100x -- l_serine_100x,2,False,False,S. mutans UA159,aerobic
Plate 1$e10e4154841fc7d354ac258f782461a78b85ddd2,77,D5,CDM -- l_valine_100x -- l_tyrosine_100x,3,False,False,S. mutans UA159,aerobic
Plate 1$e10e4154841fc7d354ac258f782461a78b85ddd2,78,D6,CDM -- dl_alanine_100x -- l_serine_100x,3,False,False,S. mutans UA159,aerobic
Plate 1$e10e4154841fc7d354ac258f782461a78b85ddd2,79,D7,CDM -- prolines_100x -- l_tyrosine_100x,1,False,False,S. mutans UA159,aerobic
Plate 1$e10e4154841fc7d354ac258f782461a78b85ddd2,80,D8,CDM -- l_asparagine_100x -- l_lysine_100x,2,False,False,S. mutans UA159,aerobic
Plate 1$e10e4154841fc7d354ac258f782461a78b85ddd2,81,D9,CDM -- glycine_100x,2,False,False,S. mutans UA159,aerobic
Plate 1$e10e4154841fc7d354ac258f782461a78b85ddd2,82,D10,CDM -- l_methionine_100x -- l_lysine_100x,1,False,False,S. mutans UA159,aerobic
Plate 1$e10e4154841fc7d354ac258f782461a78b85ddd2,83,D11,CDM -- glycine_100x -- l_tyrosine_100x,3,False,False,S. mutans UA159,aerobic
Plate 1$e10e4154841fc7d354ac258f782461a78b85ddd2,84,D12,CDM -- l_valine_100x -- l_phenylalanine_100x,2,False,False,S. mutans UA159,aerobic
Plate 1$e10e4154841fc7d354ac258f782461a78b85ddd2,85,D13,CDM -- l_glutamine_100x -- l_lysine_100x,3,False,False,S. mutans UA159,aerobic
Plate 1$e10e4154841fc7d354ac258f782461a78b85ddd2,86,D14,CDM -- l_threonine_100x -- l_aspartic_acid_45x,2,False,False,S. mutans UA159,aerobic
Plate 1$e10e4154841fc7d354ac258f782461a78b85ddd2,87,D15,CDM -- l_glutamine_100x -- l_glutamic_acid_75x,3,False,False,S. mutans UA159,aerobic
Plate 1$e10e4154841fc7d354ac258f782461a78b85ddd2,88,D16,CDM -- glycine_100x -- l_cysteine_100x,1,False,False,S. mutans UA159,aerobic
Plate 1$e10e4154841fc7d354ac258f782461a78b85ddd2,89,D17,CDM -- l_serine_100x -- l_glutamic_acid_75x,2,False,False,S. mutans UA159,aerobic
Plate 1$e10e4154841fc7d354ac258f782461a78b85ddd2,90,D18,CDM -- l_asparagine_100x,1,False,False,S. mutans UA159,aerobic
Plate 1$e10e4154841fc7d354ac258f782461a78b85ddd2,91,D19,CDM -- l_methionine_100x -- l_tryptophan_100x,1,False,False,S. mutans UA159,aerobic
Plate 1$e10e4154841fc7d354ac258f782461a78b85ddd2,92,D20,CDM -- l_methionine_100x -- l_lysine_100x,3,False,False,S. mutans UA159,aerobic
Plate 1$e10e4154841fc7d354ac258f782461a78b85ddd2,93,D21,CDM -- l_threonine_100x -- l_glutamic_acid_75x,3,False,False,S. mutans UA159,aerobic
Plate 1$e10e4154841fc7d354ac258f782461a78b85ddd2,94,D22,CDM -- l_leucine_100x -- l_lysine_100x,3,False,False,S. mutans UA159,aerobic
Plate 1$e10e4154841fc7d354ac258f782461a78b85ddd2,95,D23,CDM -- l_methionine_100x -- l_aspartic_acid_45x,3,False,False,S. mutans UA159,aerobic
Plate 1$e10e4154841fc7d354ac258f782461a78b85ddd2,96,D24,CDM -- l_aspartic_acid_45x -- l_cysteine_100x,1,False,False,S. mutans UA159,aerobic
Plate 1$e10e4154841fc7d354ac258f782461a78b85ddd2,97,E1,CDM -- l_aspartic_acid_45x -- l_histidine_100x,3,False,False,S. mutans UA159,aerobic
Plate 1$e10e4154841fc7d354ac258f782461a78b85ddd2,98,E2,CDM -- l_arginine_100x -- l_glutamic_acid_75x,2,False,False,S. mutans UA159,aerobic
Plate 1$e10e4154841fc7d354ac258f782461a78b85ddd2,99,E3,CDM -- l_isoleucine_100x -- l_histidine_100x,1,False,False,S. mutans UA159,aerobic
Plate 1$e10e4154841fc7d354ac258f782461a78b85ddd2,100,E4,CDM -- l_arginine_100x -- l_serine_100x,2,False,False,S. mutans UA159,aerobic
Plate 1$e10e4154841fc7d354ac258f782461a78b85ddd2,101,E5,CDM -- l_aspartic_acid_45x -- l_cysteine_100x,3,False,False,S. mutans UA159,aerobic
Plate 1$e10e4154841fc7d354ac258f782461a78b85ddd2,102,E6,CDM -- glycine_100x -- l_cysteine_100x,2,False,False,S. mutans UA159,aerobic
Plate 1$e10e4154841fc7d354ac258f782461a78b85ddd2,103,E7,CDM -- dl_alanine_100x -- l_histidine_100x,1,False,False,S. mutans UA159,aerobic
Plate 1$e10e4154841fc7d354ac258f782461a78b85ddd2,104,E8,CDM -- l_arginine_100x -- l_aspartic_acid_45x,1,False,False,S. mutans UA159,aerobic
Plate 1$e10e4154841fc7d354ac258f782461a78b85ddd2,105,E9,CDM -- l_isoleucine_100x -- l_phenylalanine_100x,3,False,False,S. mutans UA159,aerobic
Plate 1$e10e4154841fc7d354ac258f782461a78b85ddd2,106,E10,CDM -- l_isoleucine_100x -- l_arginine_100x,3,False,False,S. mutans UA159,aerobic
Plate 1$e10e4154841fc7d354ac258f782461a78b85ddd2,107,E11,CDM -- prolines_100x -- l_serine_100x,3,False,False,S. mutans UA159,aerobic
Plate 1$e10e4154841fc7d354ac258f782461a78b85ddd2,108,E12,CDM,2,False,True,S. mutans UA159,aerobic
Plate 1$e10e4154841fc7d354ac258f782461a78b85ddd2,109,E13,CDM -- l_lysine_100x -- l_phenylalanine_100x,2,False,False,S. mutans UA159,aerobic
Plate 1$e10e4154841fc7d354ac258f782461a78b85ddd2,110,E14,CDM -- l_methionine_100x,1,False,False,S. mutans UA159,aerobic
Plate 1$e10e4154841fc7d354ac258f782461a78b85ddd2,111,E15,CDM -- l_glutamine_100x,3,False,False,S. mutans UA159,aerobic
Plate 1$e10e4154841fc7d354ac258f782461a78b85ddd2,112,E16,CDM -- l_histidine_100x,2,False,False,S. mutans UA159,aerobic
Plate 1$e10e4154841fc7d354ac258f782461a78b85ddd2,113,E17,CDM -- l_phenylalanine_100x,2,False,False,S. mutans UA159,aerobic
Plate 1$e10e4154841fc7d354ac258f782461a78b85ddd2,114,E18,CDM -- l_isoleucine_100x -- l_histidine_100x,3,False,False,S. mutans UA159,aerobic
Plate 1$e10e4154841fc7d354ac258f782461a78b85ddd2,115,E19,CDM,2,True,False,S. mutans UA159,aerobic
Plate 1$e10e4154841fc7d354ac258f782461a78b85ddd2,116,E20,CDM -- glycine_100x -- l_asparagine_100x,1,False,False,S. mutans UA159,aerobic
Plate 1$e10e4154841fc7d354ac258f782461a78b85ddd2,117,E21,CDM -- l_asparagine_100x -- l_aspartic_acid_45x,1,False,False,S. mutans UA159,aerobic
Plate 1$e10e4154841fc7d354ac258f782461a78b85ddd2,118,E22,CDM -- l_tyrosine_100x -- l_glutamic_acid_75x,3,False,False,S. mutans UA159,aerobic
Plate 1$e10e4154841fc7d354ac258f782461a78b85ddd2,119,E23,CDM -- l_isoleucine_100x -- l_histidine_100x,2,False,False,S. mutans UA159,aerobic
Plate 1$e10e4154841fc7d354ac258f782461a78b85ddd2,120,E24,CDM -- l_methionine_100x,3,False,False,S. mutans UA159,aerobic
Plate 1$e10e4154841fc7d354ac258f782461a78b85ddd2,121,F1,CDM -- l_threonine_100x -- prolines_100x,2,False,False,S. mutans UA159,aerobic
Plate 1$e10e4154841fc7d354ac258f782461a78b85ddd2,122,F2,CDM -- l_serine_100x -- l_tyrosine_100x,2,False,False,S. mutans UA159,aerobic
Plate 1$e10e4154841fc7d354ac258f782461a78b85ddd2,123,F3,CDM -- l_threonine_100x -- l_glutamic_acid_75x,2,False,False,S. mutans UA159,aerobic
Plate 1$e10e4154841fc7d354ac258f782461a78b85ddd2,124,F4,CDM -- l_leucine_100x -- l_tryptophan_100x,2,False,False,S. mutans UA159,aerobic
Plate 1$e10e4154841fc7d354ac258f782461a78b85ddd2,125,F5,CDM -- l_cysteine_100x -- l_phenylalanine_100x,3,False,False,S. mutans UA159,aerobic
Plate 1$e10e4154841fc7d354ac258f782461a78b85ddd2,126,F6,CDM -- l_isoleucine_100x -- l_arginine_100x,2,False,False,S. mutans UA159,aerobic
Plate 1$e10e4154841fc7d354ac258f782461a78b85ddd2,127,F7,CDM -- l_cysteine_100x -- l_glutamic_acid_75x,3,False,False,S. mutans UA159,aerobic
Plate 1$e10e4154841fc7d354ac258f782461a78b85ddd2,128,F8,CDM -- l_threonine_100x -- l_glutamic_acid_75x,1,False,False,S. mutans UA159,aerobic
Plate 1$e10e4154841fc7d354ac258f782461a78b85ddd2,129,F9,CDM -- l_threonine_100x -- prolines_100x,1,False,False,S. mutans UA159,aerobic
Plate 1$e10e4154841fc7d354ac258f782461a78b85ddd2,130,F10,CDM -- l_leucine_100x -- l_arginine_100x,1,False,False,S. mutans UA159,aerobic
Plate 1$e10e4154841fc7d354ac258f782461a78b85ddd2,131,F11,CDM -- glycine_100x -- l_isoleucine_100x,3,False,False,S. mutans UA159,aerobic
Plate 1$e10e4154841fc7d354ac258f782461a78b85ddd2,132,F12,CDM -- glycine_100x -- l_glutamine_100x,1,False,False,S. mutans UA159,aerobic
Plate 1$e10e4154841fc7d354ac258f782461a78b85ddd2,133,F13,CDM -- l_tryptophan_100x -- l_phenylalanine_100x,2,False,False,S. mutans UA159,aerobic
Plate 1$e10e4154841fc7d354ac258f782461a78b85ddd2,134,F14,CDM -- prolines_100x -- l_glutamic_acid_75x,2,False,False,S. mutans UA159,aerobic
Plate 1$e10e4154841fc7d354ac258f782461a78b85ddd2,135,F15,CDM -- l_isoleucine_100x -- l_tyrosine_100x,1,False,False,S. mutans UA159,aerobic
Plate 1$e10e4154841fc7d354ac258f782461a78b85ddd2,136,F16,CDM -- l_tyrosine_100x,3,False,False,S. mutans UA159,aerobic
Plate 1$e10e4154841fc7d354ac258f782461a78b85ddd2,137,F17,CDM -- dl_alanine_100x -- l_tryptophan_100x,3,False,False,S. mutans UA159,aerobic
Plate 1$e10e4154841fc7d354ac258f782461a78b85ddd2,138,F18,CDM -- l_threonine_100x -- l_aspartic_acid_45x,1,False,False,S. mutans UA159,aerobic
Plate 1$e10e4154841fc7d354ac258f782461a78b85ddd2,139,F19,CDM -- l_leucine_100x -- l_glutamine_100x,3,False,False,S. mutans UA159,aerobic
Plate 1$e10e4154841fc7d354ac258f782461a78b85ddd2,140,F20,CDM -- l_methionine_100x -- l_glutamic_acid_75x,1,False,False,S. mutans UA159,aerobic
Plate 1$e10e4154841fc7d354ac258f782461a78b85ddd2,141,F21,CDM -- l_glutamine_100x -- l_tryptophan_100x,1,False,False,S. mutans UA159,aerobic
Plate 1$e10e4154841fc7d354ac258f782461a78b85ddd2,142,F22,CDM -- dl_alanine_100x -- l_aspartic_acid_45x,3,False,False,S. mutans UA159,aerobic
Plate 1$e10e4154841fc7d354ac258f782461a78b85ddd2,143,F23,CDM -- glycine_100x -- prolines_100x,2,False,False,S. mutans UA159,aerobic
Plate 1$e10e4154841fc7d354ac258f782461a78b85ddd2,144,F24,CDM -- l_serine_100x -- l_tyrosine_100x,1,False,False,S. mutans UA159,aerobic
Plate 1$e10e4154841fc7d354ac258f782461a78b85ddd2,145,G1,CDM -- dl_alanine_100x -- l_histidine_100x,3,False,False,S. mutans UA159,aerobic
Plate 1$e10e4154841fc7d354ac258f782461a78b85ddd2,146,G2,CDM -- l_isoleucine_100x -- l_threonine_100x,3,False,False,S. mutans UA159,aerobic
Plate 1$e10e4154841fc7d354ac258f782461a78b85ddd2,147,G3,CDM -- l_leucine_100x -- l_glutamine_100x,2,False,False,S. mutans UA159,aerobic
Plate 1$e10e4154841fc7d354ac258f782461a78b85ddd2,148,G4,CDM -- l_leucine_100x -- l_cysteine_100x,1,False,False,S. mutans UA159,aerobic
Plate 1$e10e4154841fc7d354ac258f782461a78b85ddd2,149,G5,CDM -- l_asparagine_100x -- l_threonine_100x,1,False,False,S. mutans UA159,aerobic
Plate 1$e10e4154841fc7d354ac258f782461a78b85ddd2,150,G6,CDM -- l_isoleucine_100x -- l_lysine_100x,3,False,False,S. mutans UA159,aerobic
Plate 1$e10e4154841fc7d354ac258f782461a78b85ddd2,151,G7,CDM -- prolines_100x -- l_aspartic_acid_45x,1,False,False,S. mutans UA159,aerobic
Plate 1$e10e4154841fc7d354ac258f782461a78b85ddd2,152,G8,CDM -- l_isoleucine_100x -- l_lysine_100x,2,False,False,S. mutans UA159,aerobic
Plate 1$e10e4154841fc7d354ac258f782461a78b85ddd2,153,G9,CDM -- l_methionine_100x -- l_tryptophan_100x,2,False,False,S. mutans UA159,aerobic
Plate 1$e10e4154841fc7d354ac258f782461a78b85ddd2,154,G10,CDM -- l_asparagine_100x -- l_phenylalanine_100x,1,False,False,S. mutans UA159,aerobic
Plate 1$e10e4154841fc7d354ac258f782461a78b85ddd2,155,G11,CDM -- l_glutamine_100x -- l_glutamic_acid_75x,2,False,False,S. mutans UA159,aerobic
Plate 1$e10e4154841fc7d354ac258f782461a78b85ddd2,156,G12,CDM -- glycine_100x -- prolines_100x,3,False,False,S. mutans UA159,aerobic
Plate 1$e10e4154841fc7d354ac258f782461a78b85ddd2,157,G13,CDM -- l_tryptophan_100x -- l_phenylalanine_100x,1,False,False,S. mutans UA159,aerobic
Plate 1$e10e4154841fc7d354ac258f782461a78b85ddd2,158,G14,CDM -- l_leucine_100x -- l_valine_100x,1,False,False,S. mutans UA159,aerobic
Plate 1$e10e4154841fc7d354ac258f782461a78b85ddd2,159,G15,CDM -- l_valine_100x -- l_phenylalanine_100x,3,False,False,S. mutans UA159,aerobic
Plate 1$e10e4154841fc7d354ac258f782461a78b85ddd2,160,G16,CDM -- dl_alanine_100x -- l_glutamic_acid_75x,3,False,False,S. mutans UA159,aerobic
Plate 1$e10e4154841fc7d354ac258f782461a78b85ddd2,161,G17,CDM -- l_leucine_100x -- l_lysine_100x,1,False,False,S. mutans UA159,aerobic
Plate 1$e10e4154841fc7d354ac258f782461a78b85ddd2,162,G18,CDM -- l_asparagine_100x -- l_tyrosine_100x,3,False,False,S. mutans UA159,aerobic
Plate 1$e10e4154841fc7d354ac258f782461a78b85ddd2,163,G19,CDM -- dl_alanine_100x -- l_valine_100x,3,False,False,S. mutans UA159,aerobic
Plate 1$e10e4154841fc7d354ac258f782461a78b85ddd2,164,G20,CDM -- l_lysine_100x,1,False,False,S. mutans UA159,aerobic
Plate 1$e10e4154841fc7d354ac258f782461a78b85ddd2,165,G21,CDM -- l_threonine_100x -- l_tyrosine_100x,3,False,False,S. mutans UA159,aerobic
Plate 1$e10e4154841fc7d354ac258f782461a78b85ddd2,166,G22,CDM -- l_glutamine_100x -- l_serine_100x,3,False,False,S. mutans UA159,aerobic
Plate 1$e10e4154841fc7d354ac258f782461a78b85ddd2,167,G23,CDM -- dl_alanine_100x,1,False,False,S. mutans UA159,aerobic
Plate 1$e10e4154841fc7d354ac258f782461a78b85ddd2,168,G24,CDM -- l_arginine_100x -- l_tryptophan_100x,3,False,False,S. mutans UA159,aerobic
Plate 1$e10e4154841fc7d354ac258f782461a78b85ddd2,169,H1,CDM -- l_aspartic_acid_45x -- l_tryptophan_100x,3,False,False,S. mutans UA159,aerobic
Plate 1$e10e4154841fc7d354ac258f782461a78b85ddd2,170,H2,CDM -- l_methionine_100x -- l_glutamic_acid_75x,3,False,False,S. mutans UA159,aerobic
Plate 1$e10e4154841fc7d354ac258f782461a78b85ddd2,171,H3,CDM -- l_threonine_100x -- l_tyrosine_100x,1,False,False,S. mutans UA159,aerobic
Plate 1$e10e4154841fc7d354ac258f782461a78b85ddd2,172,H4,CDM -- dl_alanine_100x -- l_valine_100x,2,False,False,S. mutans UA159,aerobic
Plate 1$e10e4154841fc7d354ac258f782461a78b85ddd2,173,H5,CDM -- l_arginine_100x -- l_aspartic_acid_45x,3,False,False,S. mutans UA159,aerobic
Plate 1$e10e4154841fc7d354ac258f782461a78b85ddd2,174,H6,CDM -- l_aspartic_acid_45x -- l_valine_100x,1,False,False,S. mutans UA159,aerobic
Plate 1$e10e4154841fc7d354ac258f782461a78b85ddd2,175,H7,CDM -- dl_alanine_100x -- l_arginine_100x,3,False,False,S. mutans UA159,aerobic
Plate 1$e10e4154841fc7d354ac258f782461a78b85ddd2,176,H8,CDM -- l_leucine_100x -- l_arginine_100x,3,False,False,S. mutans UA159,aerobic
Plate 1$e10e4154841fc7d354ac258f782461a78b85ddd2,177,H9,CDM -- l_methionine_100x -- l_glutamic_acid_75x,2,False,False,S. mutans UA159,aerobic
Plate 1$e10e4154841fc7d354ac258f782461a78b85ddd2,178,H10,CDM -- l_valine_100x -- l_histidine_100x,3,False,False,S. mutans UA159,aerobic
Plate 1$e10e4154841fc7d354ac258f782461a78b85ddd2,179,H11,CDM -- l_lysine_100x -- l_glutamic_acid_75x,3,False,False,S. mutans UA159,aerobic
Plate 1$e10e4154841fc7d354ac258f782461a78b85ddd2,180,H12,CDM -- l_asparagine_100x -- l_aspartic_acid_45x,2,False,False,S. mutans UA159,aerobic
Plate 1$e10e4154841fc7d354ac258f782461a78b85ddd2,181,H13,CDM -- l_arginine_100x -- l_aspartic_acid_45x,2,False,False,S. mutans UA159,aerobic
Plate 1$e10e4154841fc7d354ac258f782461a78b85ddd2,182,H14,CDM -- l_arginine_100x -- l_serine_100x,3,False,False,S. mutans UA159,aerobic
Plate 1$e10e4154841fc7d354ac258f782461a78b85ddd2,183,H15,CDM -- dl_alanine_100x -- l_histidine_100x,2,False,False,S. mutans UA159,aerobic
Plate 1$e10e4154841fc7d354ac258f782461a78b85ddd2,184,H16,CDM -- l_lysine_100x,2,False,False,S. mutans UA159,aerobic
Plate 1$e10e4154841fc7d354ac258f782461a78b85ddd2,185,H17,CDM -- l_serine_100x -- l_lysine_100x,3,False,False,S. mutans UA159,aerobic
Plate 1$e10e4154841fc7d354ac258f782461a78b85ddd2,186,H18,CDM -- l_valine_100x -- l_histidine_100x,2,False,False,S. mutans UA159,aerobic
Plate 1$e10e4154841fc7d354ac258f782461a78b85ddd2,187,H19,CDM -- l_isoleucine_100x -- l_glutamic_acid_75x,2,False,False,S. mutans UA159,aerobic
Plate 1$e10e4154841fc7d354ac258f782461a78b85ddd2,188,H20,CDM -- l_leucine_100x -- l_tryptophan_100x,1,False,False,S. mutans UA159,aerobic
Plate 1$e10e4154841fc7d354ac258f782461a78b85ddd2,189,H21,CDM -- l_methionine_100x,2,False,False,S. mutans UA159,aerobic
Plate 1$e10e4154841fc7d354ac258f782461a78b85ddd2,190,H22,CDM -- l_asparagine_100x -- l_histidine_100x,2,False,False,S. mutans UA159,aerobic
Plate 1$e10e4154841fc7d354ac258f782461a78b85ddd2,191,H23,CDM -- glycine_100x -- l_tyrosine_100x,2,False,False,S. mutans UA159,aerobic
Plate 1$e10e4154841fc7d354ac258f782461a78b85ddd2,192,H24,CDM -- glycine_100x -- l_threonine_100x,1,False,False,S. mutans UA159,aerobic
Plate 1$e10e4154841fc7d354ac258f782461a78b85ddd2,193,I1,CDM -- l_methionine_100x -- l_serine_100x,2,False,False,S. mutans UA159,aerobic
Plate 1$e10e4154841fc7d354ac258f782461a78b85ddd2,194,I2,CDM -- l_arginine_100x -- l_valine_100x,1,False,False,S. mutans UA159,aerobic
Plate 1$e10e4154841fc7d354ac258f782461a78b85ddd2,195,I3,CDM -- l_asparagine_100x -- prolines_100x,2,False,False,S. mutans UA159,aerobic
Plate 1$e10e4154841fc7d354ac258f782461a78b85ddd2,196,I4,CDM -- l_asparagine_100x -- l_lysine_100x,1,False,False,S. mutans UA159,aerobic
Plate 1$e10e4154841fc7d354ac258f782461a78b85ddd2,197,I5,CDM -- l_isoleucine_100x -- l_glutamic_acid_75x,1,False,False,S. mutans UA159,aerobic
Plate 1$e10e4154841fc7d354ac258f782461a78b85ddd2,198,I6,CDM -- l_methionine_100x -- l_histidine_100x,1,False,False,S. mutans UA159,aerobic
Plate 1$e10e4154841fc7d354ac258f782461a78b85ddd2,199,I7,CDM -- l_threonine_100x -- l_aspartic_acid_45x,3,False,False,S. mutans UA159,aerobic
Plate 1$e10e4154841fc7d354ac258f782461a78b85ddd2,200,I8,CDM -- l_tryptophan_100x -- l_histidine_100x,1,False,False,S. mutans UA159,aerobic
Plate 1$e10e4154841fc7d354ac258f782461a78b85ddd2,201,I9,CDM -- glycine_100x -- l_phenylalanine_100x,2,False,False,S. mutans UA159,aerobic
Plate 1$e10e4154841fc7d354ac258f782461a78b85ddd2,202,I10,CDM -- l_aspartic_acid_45x -- l_valine_100x,3,False,False,S. mutans UA159,aerobic
Plate 1$e10e4154841fc7d354ac258f782461a78b85ddd2,203,I11,CDM -- l_asparagine_100x -- l_threonine_100x,3,False,False,S. mutans UA159,aerobic
Plate 1$e10e4154841fc7d354ac258f782461a78b85ddd2,204,I12,CDM -- l_lysine_100x -- l_phenylalanine_100x,1,False,False,S. mutans UA159,aerobic
Plate 1$e10e4154841fc7d354ac258f782461a78b85ddd2,205,I13,CDM -- prolines_100x -- l_lysine_100x,1,False,False,S. mutans UA159,aerobic
Plate 1$e10e4154841fc7d354ac258f782461a78b85ddd2,206,I14,CDM -- l_arginine_100x -- l_lysine_100x,2,False,False,S. mutans UA159,aerobic
Plate 1$e10e4154841fc7d354ac258f782461a78b85ddd2,207,I15,CDM -- l_tyrosine_100x -- l_phenylalanine_100x,1,False,False,S. mutans UA159,aerobic
Plate 1$e10e4154841fc7d354ac258f782461a78b85ddd2,208,I16,CDM -- dl_alanine_100x -- l_methionine_100x,3,False,False,S. mutans UA159,aerobic
Plate 1$e10e4154841fc7d354ac258f782461a78b85ddd2,209,I17,CDM -- l_histidine_100x,3,False,False,S. mutans UA159,aerobic
Plate 1$e10e4154841fc7d354ac258f782461a78b85ddd2,210,I18,CDM -- l_asparagine_100x -- l_aspartic_acid_45x,3,False,False,S. mutans UA159,aerobic
Plate 1$e10e4154841fc7d354ac258f782461a78b85ddd2,211,I19,CDM -- l_glutamine_100x -- l_lysine_100x,1,False,False,S. mutans UA159,aerobic
Plate 1$e10e4154841fc7d354ac258f782461a78b85ddd2,212,I20,CDM -- l_arginine_100x -- l_valine_100x,2,False,False,S. mutans UA159,aerobic
Plate 1$e10e4154841fc7d354ac258f782461a78b85ddd2,213,I21,CDM -- prolines_100x -- l_glutamic_acid_75x,3,False,False,S. mutans UA159,aerobic
Plate 1$e10e4154841fc7d354ac258f782461a78b85ddd2,214,I22,CDM -- l_methionine_100x -- l_valine_100x,1,False,False,S. mutans UA159,aerobic
Plate 1$e10e4154841fc7d354ac258f782461a78b85ddd2,215,I23,CDM -- l_tryptophan_100x -- l_tyrosine_100x,2,False,False,S. mutans UA159,aerobic
Plate 1$e10e4154841fc7d354ac258f782461a78b85ddd2,216,I24,CDM -- l_glutamine_100x -- l_serine_100x,1,False,False,S. mutans UA159,aerobic
Plate 1$e10e4154841fc7d354ac258f782461a78b85ddd2,217,J1,CDM -- dl_alanine_100x -- l_methionine_100x,1,False,False,S. mutans UA159,aerobic
Plate 1$e10e4154841fc7d354ac258f782461a78b85ddd2,218,J2,CDM -- l_arginine_100x -- l_lysine_100x,3,False,False,S. mutans UA159,aerobic
Plate 1$e10e4154841fc7d354ac258f782461a78b85ddd2,219,J3,CDM -- l_arginine_100x -- l_lysine_100x,1,False,False,S. mutans UA159,aerobic
Plate 1$e10e4154841fc7d354ac258f782461a78b85ddd2,220,J4,CDM -- l_aspartic_acid_45x -- l_phenylalanine_100x,3,False,False,S. mutans UA159,aerobic
Plate 1$e10e4154841fc7d354ac258f782461a78b85ddd2,221,J5,CDM -- l_arginine_100x -- l_tryptophan_100x,1,False,False,S. mutans UA159,aerobic
Plate 1$e10e4154841fc7d354ac258f782461a78b85ddd2,222,J6,CDM -- l_asparagine_100x,2,False,False,S. mutans UA159,aerobic
Plate 1$e10e4154841fc7d354ac258f782461a78b85ddd2,223,J7,CDM -- l_tryptophan_100x -- l_cysteine_100x,3,False,False,S. mutans UA159,aerobic
Plate 1$e10e4154841fc7d354ac258f782461a78b85ddd2,224,J8,CDM -- l_asparagine_100x -- l_tyrosine_100x,2,False,False,S. mutans UA159,aerobic
Plate 1$e10e4154841fc7d354ac258f782461a78b85ddd2,225,J9,CDM -- dl_alanine_100x,2,False,False,S. mutans UA159,aerobic
Plate 1$e10e4154841fc7d354ac258f782461a78b85ddd2,226,J10,CDM -- l_isoleucine_100x -- prolines_100x,3,False,False,S. mutans UA159,aerobic
Plate 1$e10e4154841fc7d354ac258f782461a78b85ddd2,227,J11,CDM -- l_arginine_100x -- l_glutamic_acid_75x,3,False,False,S. mutans UA159,aerobic
Plate 1$e10e4154841fc7d354ac258f782461a78b85ddd2,228,J12,CDM -- l_serine_100x,2,False,False,S. mutans UA159,aerobic
Plate 1$e10e4154841fc7d354ac258f782461a78b85ddd2,229,J13,CDM -- l_arginine_100x -- l_glutamic_acid_75x,1,False,False,S. mutans UA159,aerobic
Plate 1$e10e4154841fc7d354ac258f782461a78b85ddd2,230,J14,CDM -- glycine_100x -- prolines_100x,1,False,False,S. mutans UA159,aerobic
Plate 1$e10e4154841fc7d354ac258f782461a78b85ddd2,231,J15,CDM -- l_isoleucine_100x -- l_arginine_100x,1,False,False,S. mutans UA159,aerobic
Plate 1$e10e4154841fc7d354ac258f782461a78b85ddd2,232,J16,CDM -- dl_alanine_100x -- l_methionine_100x,2,False,False,S. mutans UA159,aerobic
Plate 1$e10e4154841fc7d354ac258f782461a78b85ddd2,233,J17,CDM -- l_serine_100x,3,False,False,S. mutans UA159,aerobic
Plate 1$e10e4154841fc7d354ac258f782461a78b85ddd2,234,J18,CDM -- l_lysine_100x -- l_glutamic_acid_75x,1,False,False,S. mutans UA159,aerobic
Plate 1$e10e4154841fc7d354ac258f782461a78b85ddd2,235,J19,CDM -- l_tyrosine_100x -- l_phenylalanine_100x,2,False,False,S. mutans UA159,aerobic
Plate 1$e10e4154841fc7d354ac258f782461a78b85ddd2,236,J20,CDM -- l_glutamine_100x -- l_aspartic_acid_45x,3,False,False,S. mutans UA159,aerobic
Plate 1$e10e4154841fc7d354ac258f782461a78b85ddd2,237,J21,CDM,1,False,True,S. mutans UA159,aerobic
Plate 1$e10e4154841fc7d354ac258f782461a78b85ddd2,238,J22,CDM -- glycine_100x -- l_tyrosine_100x,1,False,False,S. mutans UA159,aerobic
Plate 1$e10e4154841fc7d354ac258f782461a78b85ddd2,239,J23,CDM -- l_threonine_100x -- l_lysine_100x,3,False,False,S. mutans UA159,aerobic
Plate 1$e10e4154841fc7d354ac258f782461a78b85ddd2,240,J24,CDM -- l_isoleucine_100x -- prolines_100x,1,False,False,S. mutans UA159,aerobic
Plate 1$e10e4154841fc7d354ac258f782461a78b85ddd2,241,K1,CDM -- l_isoleucine_100x -- prolines_100x,2,False,False,S. mutans UA159,aerobic
Plate 1$e10e4154841fc7d354ac258f782461a78b85ddd2,242,K2,CDM -- l_methionine_100x -- l_serine_100x,3,False,False,S. mutans UA159,aerobic
Plate 1$e10e4154841fc7d354ac258f782461a78b85ddd2,243,K3,CDM -- l_leucine_100x -- l_glutamine_100x,1,False,False,S. mutans UA159,aerobic
Plate 1$e10e4154841fc7d354ac258f782461a78b85ddd2,244,K4,CDM -- l_tryptophan_100x -- l_tyrosine_100x,1,False,False,S. mutans UA159,aerobic
Plate 1$e10e4154841fc7d354ac258f782461a78b85ddd2,245,K5,CDM -- glycine_100x -- l_cysteine_100x,3,False,False,S. mutans UA159,aerobic
Plate 1$e10e4154841fc7d354ac258f782461a78b85ddd2,246,K6,CDM -- l_tryptophan_100x -- l_cysteine_100x,1,False,False,S. mutans UA159,aerobic
Plate 1$e10e4154841fc7d354ac258f782461a78b85ddd2,247,K7,CDM -- l_isoleucine_100x -- l_glutamic_acid_75x,3,False,False,S. mutans UA159,aerobic
Plate 1$e10e4154841fc7d354ac258f782461a78b85ddd2,248,K8,CDM -- l_leucine_100x -- l_lysine_100x,2,False,False,S. mutans UA159,aerobic
Plate 1$e10e4154841fc7d354ac258f782461a78b85ddd2,249,K9,CDM -- dl_alanine_100x -- l_tryptophan_100x,2,False,False,S. mutans UA159,aerobic
Plate 1$e10e4154841fc7d354ac258f782461a78b85ddd2,250,K10,CDM -- l_isoleucine_100x -- l_phenylalanine_100x,1,False,False,S. mutans UA159,aerobic
Plate 1$e10e4154841fc7d354ac258f782461a78b85ddd2,251,K11,CDM -- l_valine_100x -- l_phenylalanine_100x,1,False,False,S. mutans UA159,aerobic
Plate 1$e10e4154841fc7d354ac258f782461a78b85ddd2,252,K12,CDM -- l_tyrosine_100x -- l_glutamic_acid_75x,2,False,False,S. mutans UA159,aerobic
Plate 1$e10e4154841fc7d354ac258f782461a78b85ddd2,253,K13,CDM -- glycine_100x -- l_lysine_100x,1,False,False,S. mutans UA159,aerobic
Plate 1$e10e4154841fc7d354ac258f782461a78b85ddd2,254,K14,CDM -- dl_alanine_100x -- l_glutamic_acid_75x,2,False,False,S. mutans UA159,aerobic
Plate 1$e10e4154841fc7d354ac258f782461a78b85ddd2,255,K15,CDM -- l_leucine_100x -- l_valine_100x,2,False,False,S. mutans UA159,aerobic
Plate 1$e10e4154841fc7d354ac258f782461a78b85ddd2,256,K16,CDM -- prolines_100x -- l_tyrosine_100x,3,False,False,S. mutans UA159,aerobic
Plate 1$e10e4154841fc7d354ac258f782461a78b85ddd2,257,K17,CDM -- l_leucine_100x -- l_tryptophan_100x,3,False,False,S. mutans UA159,aerobic
Plate 1$e10e4154841fc7d354ac258f782461a78b85ddd2,258,K18,CDM -- l_methionine_100x -- l_valine_100x,2,False,False,S. mutans UA159,aerobic
Plate 1$e10e4154841fc7d354ac258f782461a78b85ddd2,259,K19,CDM -- l_histidine_100x,1,False,False,S. mutans UA159,aerobic
Plate 1$e10e4154841fc7d354ac258f782461a78b85ddd2,260,K20,CDM -- l_asparagine_100x,3,False,False,S. mutans UA159,aerobic
Plate 1$e10e4154841fc7d354ac258f782461a78b85ddd2,261,K21,CDM -- l_asparagine_100x -- l_phenylalanine_100x,3,False,False,S. mutans UA159,aerobic
Plate 1$e10e4154841fc7d354ac258f782461a78b85ddd2,262,K22,CDM -- l_asparagine_100x -- l_phenylalanine_100x,2,False,False,S. mutans UA159,aerobic
Plate 1$e10e4154841fc7d354ac258f782461a78b85ddd2,263,K23,CDM -- dl_alanine_100x -- l_serine_100x,2,False,False,S. mutans UA159,aerobic
Plate 1$e10e4154841fc7d354ac258f782461a78b85ddd2,264,K24,CDM -- l_arginine_100x -- l_tryptophan_100x,2,False,False,S. mutans UA159,aerobic
Plate 1$e10e4154841fc7d354ac258f782461a78b85ddd2,265,L1,CDM -- prolines_100x -- l_tyrosine_100x,2,False,False,S. mutans UA159,aerobic
Plate 1$e10e4154841fc7d354ac258f782461a78b85ddd2,266,L2,CDM -- l_isoleucine_100x -- l_aspartic_acid_45x,3,False,False,S. mutans UA159,aerobic
Plate 1$e10e4154841fc7d354ac258f782461a78b85ddd2,267,L3,CDM -- l_isoleucine_100x -- l_threonine_100x,2,False,False,S. mutans UA159,aerobic
Plate 1$e10e4154841fc7d354ac258f782461a78b85ddd2,268,L4,CDM -- l_threonine_100x -- l_lysine_100x,2,False,False,S. mutans UA159,aerobic
Plate 1$e10e4154841fc7d354ac258f782461a78b85ddd2,269,L5,CDM -- glycine_100x -- l_phenylalanine_100x,3,False,False,S. mutans UA159,aerobic
Plate 1$e10e4154841fc7d354ac258f782461a78b85ddd2,270,L6,CDM -- l_glutamine_100x -- l_glutamic_acid_75x,1,False,False,S. mutans UA159,aerobic
Plate 1$e10e4154841fc7d354ac258f782461a78b85ddd2,271,L7,CDM -- l_glutamine_100x -- l_valine_100x,3,False,False,S. mutans UA159,aerobic
Plate 1$e10e4154841fc7d354ac258f782461a78b85ddd2,272,L8,CDM -- l_asparagine_100x -- l_glutamic_acid_75x,2,False,False,S. mutans UA159,aerobic
Plate 1$e10e4154841fc7d354ac258f782461a78b85ddd2,273,L9,CDM -- l_asparagine_100x -- l_histidine_100x,3,False,False,S. mutans UA159,aerobic
Plate 1$e10e4154841fc7d354ac258f782461a78b85ddd2,274,L10,CDM -- l_glutamine_100x,2,False,False,S. mutans UA159,aerobic
Plate 1$e10e4154841fc7d354ac258f782461a78b85ddd2,275,L11,CDM -- l_tyrosine_100x -- l_glutamic_acid_75x,1,False,False,S. mutans UA159,aerobic
Plate 1$e10e4154841fc7d354ac258f782461a78b85ddd2,276,L12,CDM -- l_valine_100x -- l_tyrosine_100x,2,False,False,S. mutans UA159,aerobic
Plate 1$e10e4154841fc7d354ac258f782461a78b85ddd2,277,L13,CDM -- prolines_100x -- l_aspartic_acid_45x,3,False,False,S. mutans UA159,aerobic
Plate 1$e10e4154841fc7d354ac258f782461a78b85ddd2,278,L14,CDM -- l_valine_100x -- l_tyrosine_100x,1,False,False,S. mutans UA159,aerobic
Plate 1$e10e4154841fc7d354ac258f782461a78b85ddd2,279,L15,CDM -- glycine_100x -- l_threonine_100x,2,False,False,S. mutans UA159,aerobic
Plate 1$e10e4154841fc7d354ac258f782461a78b85ddd2,280,L16,CDM -- prolines_100x -- l_lysine_100x,2,False,False,S. mutans UA159,aerobic
Plate 1$e10e4154841fc7d354ac258f782461a78b85ddd2,281,L17,CDM -- l_serine_100x -- l_tyrosine_100x,3,False,False,S. mutans UA159,aerobic
Plate 1$e10e4154841fc7d354ac258f782461a78b85ddd2,282,L18,CDM -- l_isoleucine_100x -- l_tyrosine_100x,2,False,False,S. mutans UA159,aerobic
Plate 1$e10e4154841fc7d354ac258f782461a78b85ddd2,283,L19,CDM -- glycine_100x -- l_threonine_100x,3,False,False,S. mutans UA159,aerobic
Plate 1$e10e4154841fc7d354ac258f782461a78b85ddd2,284,L20,CDM -- prolines_100x -- l_aspartic_acid_45x,2,False,False,S. mutans UA159,aerobic
Plate 1$e10e4154841fc7d354ac258f782461a78b85ddd2,285,L21,CDM -- l_leucine_100x -- l_serine_100x,2,False,False,S. mutans UA159,aerobic
Plate 1$e10e4154841fc7d354ac258f782461a78b85ddd2,286,L22,CDM -- l_aspartic_acid_45x -- l_tryptophan_100x,2,False,False,S. mutans UA159,aerobic
Plate 1$e10e4154841fc7d354ac258f782461a78b85ddd2,287,L23,CDM -- dl_alanine_100x -- l_leucine_100x,1,False,False,S. mutans UA159,aerobic
Plate 1$e10e4154841fc7d354ac258f782461a78b85ddd2,288,L24,CDM -- glycine_100x -- l_lysine_100x,3,False,False,S. mutans UA159,aerobic
Plate 1$e10e4154841fc7d354ac258f782461a78b85ddd2,289,M1,CDM -- l_tryptophan_100x -- l_phenylalanine_100x,3,False,False,S. mutans UA159,aerobic
Plate 1$e10e4154841fc7d354ac258f782461a78b85ddd2,290,M2,CDM -- l_methionine_100x -- l_aspartic_acid_45x,1,False,False,S. mutans UA159,aerobic
Plate 1$e10e4154841fc7d354ac258f782461a78b85ddd2,291,M3,CDM -- l_glutamine_100x -- l_lysine_100x,2,False,False,S. mutans UA159,aerobic
Plate 1$e10e4154841fc7d354ac258f782461a78b85ddd2,292,M4,CDM -- glycine_100x -- l_lysine_100x,2,False,False,S. mutans UA159,aerobic
Plate 1$e10e4154841fc7d354ac258f782461a78b85ddd2,293,M5,CDM -- prolines_100x -- l_lysine_100x,3,False,False,S. mutans UA159,aerobic
Plate 1$e10e4154841fc7d354ac258f782461a78b85ddd2,294,M6,CDM -- prolines_100x -- l_serine_100x,2,False,False,S. mutans UA159,aerobic
Plate 1$e10e4154841fc7d354ac258f782461a78b85ddd2,295,M7,CDM -- dl_alanine_100x -- l_aspartic_acid_45x,1,False,False,S. mutans UA159,aerobic
Plate 1$e10e4154841fc7d354ac258f782461a78b85ddd2,296,M8,CDM,1,True,False,S. mutans UA159,aerobic
Plate 1$e10e4154841fc7d354ac258f782461a78b85ddd2,297,M9,CDM -- l_methionine_100x -- l_tryptophan_100x,3,False,False,S. mutans UA159,aerobic
Plate 1$e10e4154841fc7d354ac258f782461a78b85ddd2,298,M10,CDM -- l_valine_100x -- l_cysteine_100x,3,False,False,S. mutans UA159,aerobic
Plate 1$e10e4154841fc7d354ac258f782461a78b85ddd2,299,M11,CDM -- l_valine_100x -- l_histidine_100x,1,False,False,S. mutans UA159,aerobic
Plate 1$e10e4154841fc7d354ac258f782461a78b85ddd2,300,M12,CDM -- l_tryptophan_100x -- l_histidine_100x,2,False,False,S. mutans UA159,aerobic
Plate 1$e10e4154841fc7d354ac258f782461a78b85ddd2,301,M13,CDM -- l_leucine_100x -- l_arginine_100x,2,False,False,S. mutans UA159,aerobic
Plate 1$e10e4154841fc7d354ac258f782461a78b85ddd2,302,M14,CDM -- l_tryptophan_100x -- l_tyrosine_100x,3,False,False,S. mutans UA159,aerobic
Plate 1$e10e4154841fc7d354ac258f782461a78b85ddd2,303,M15,CDM -- glycine_100x,3,False,False,S. mutans UA159,aerobic
Plate 1$e10e4154841fc7d354ac258f782461a78b85ddd2,304,M16,CDM -- l_threonine_100x -- prolines_100x,3,False,False,S. mutans UA159,aerobic
Plate 1$e10e4154841fc7d354ac258f782461a78b85ddd2,305,M17,CDM -- glycine_100x,1,False,False,S. mutans UA159,aerobic
Plate 1$e10e4154841fc7d354ac258f782461a78b85ddd2,306,M18,CDM -- glycine_100x -- l_phenylalanine_100x,1,False,False,S. mutans UA159,aerobic
Plate 1$e10e4154841fc7d354ac258f782461a78b85ddd2,307,M19,CDM -- dl_alanine_100x -- l_glutamic_acid_75x,1,False,False,S. mutans UA159,aerobic
Plate 1$e10e4154841fc7d354ac258f782461a78b85ddd2,308,M20,CDM -- l_isoleucine_100x -- l_tyrosine_100x,3,False,False,S. mutans UA159,aerobic
Plate 1$e10e4154841fc7d354ac258f782461a78b85ddd2,309,M21,CDM -- l_threonine_100x -- l_lysine_100x,1,False,False,S. mutans UA159,aerobic
Plate 1$e10e4154841fc7d354ac258f782461a78b85ddd2,310,M22,CDM -- l_serine_100x -- l_lysine_100x,1,False,False,S. mutans UA159,aerobic
Plate 1$e10e4154841fc7d354ac258f782461a78b85ddd2,311,M23,CDM -- l_isoleucine_100x -- l_phenylalanine_100x,2,False,False,S. mutans UA159,aerobic
Plate 1$e10e4154841fc7d354ac258f782461a78b85ddd2,312,M24,CDM -- dl_alanine_100x -- l_arginine_100x,2,False,False,S. mutans UA159,aerobic
Plate 1$e10e4154841fc7d354ac258f782461a78b85ddd2,313,N1,CDM -- l_cysteine_100x -- l_phenylalanine_100x,1,False,False,S. mutans UA159,aerobic
Plate 1$e10e4154841fc7d354ac258f782461a78b85ddd2,314,N2,CDM -- dl_alanine_100x -- l_leucine_100x,3,False,False,S. mutans UA159,aerobic
Plate 1$e10e4154841fc7d354ac258f782461a78b85ddd2,315,N3,CDM -- l_asparagine_100x -- l_glutamic_acid_75x,1,False,False,S. mutans UA159,aerobic
Plate 1$e10e4154841fc7d354ac258f782461a78b85ddd2,316,N4,CDM -- l_threonine_100x -- l_serine_100x,2,False,False,S. mutans UA159,aerobic
Plate 1$e10e4154841fc7d354ac258f782461a78b85ddd2,317,N5,CDM -- l_isoleucine_100x -- l_aspartic_acid_45x,1,False,False,S. mutans UA159,aerobic
Plate 1$e10e4154841fc7d354ac258f782461a78b85ddd2,318,N6,CDM -- l_glutamine_100x,1,False,False,S. mutans UA159,aerobic
Plate 1$e10e4154841fc7d354ac258f782461a78b85ddd2,319,N7,CDM -- l_serine_100x -- l_glutamic_acid_75x,3,False,False,S. mutans UA159,aerobic
Plate 1$e10e4154841fc7d354ac258f782461a78b85ddd2,320,N8,CDM -- l_threonine_100x -- l_serine_100x,3,False,False,S. mutans UA159,aerobic
Plate 1$e10e4154841fc7d354ac258f782461a78b85ddd2,321,N9,CDM,3,True,False,S. mutans UA159,aerobic
Plate 2$74336a26293a5127368300cde2b3d5b72b9307bf,1,A1,CDM -- l_methionine_100x -- l_arginine_100x,3,False,False,S. mutans UA159,aerobic
Plate 2$74336a26293a5127368300cde2b3d5b72b9307bf,2,A2,CDM -- l_leucine_100x,1,False,False,S. mutans UA159,aerobic
Plate 2$74336a26293a5127368300cde2b3d5b72b9307bf,3,A3,CDM -- l_leucine_100x -- l_phenylalanine_100x,1,False,False,S. mutans UA159,aerobic
Plate 2$74336a26293a5127368300cde2b3d5b72b9307bf,4,A4,CDM -- l_threonine_100x -- l_phenylalanine_100x,3,False,False,S. mutans UA159,aerobic
Plate 2$74336a26293a5127368300cde2b3d5b72b9307bf,5,A5,CDM -- l_isoleucine_100x -- l_leucine_100x,3,False,False,S. mutans UA159,aerobic
Plate 2$74336a26293a5127368300cde2b3d5b72b9307bf,6,A6,CDM -- glycine_100x -- l_leucine_100x,3,False,False,S. mutans UA159,aerobic
Plate 2$74336a26293a5127368300cde2b3d5b72b9307bf,7,A7,CDM -- l_threonine_100x,3,False,False,S. mutans UA159,aerobic
Plate 2$74336a26293a5127368300cde2b3d5b72b9307bf,8,A8,CDM -- l_aspartic_acid_45x -- l_tyrosine_100x,1,False,False,S. mutans UA159,aerobic
Plate 2$74336a26293a5127368300cde2b3d5b72b9307bf,9,A9,CDM -- prolines_100x -- l_tryptophan_100x,2,False,False,S. mutans UA159,aerobic
Plate 2$74336a26293a5127368300cde2b3d5b72b9307bf,10,A10,CDM -- l_methionine_100x -- l_leucine_100x,3,False,False,S. mutans UA159,aerobic
Plate 2$74336a26293a5127368300cde2b3d5b72b9307bf,11,A11,CDM -- l_valine_100x -- l_glutamic_acid_75x,3,False,False,S. mutans UA159,aerobic
Plate 2$74336a26293a5127368300cde2b3d5b72b9307bf,12,A12,CDM -- glycine_100x -- l_glutamic_acid_75x,2,False,False,S. mutans UA159,aerobic
Plate 2$74336a26293a5127368300cde2b3d5b72b9307bf,13,A13,CDM -- l_isoleucine_100x -- l_valine_100x,3,False,False,S. mutans UA159,aerobic
Plate 2$74336a26293a5127368300cde2b3d5b72b9307bf,14,A14,CDM -- prolines_100x -- l_histidine_100x,3,False,False,S. mutans UA159,aerobic
Plate 2$74336a26293a5127368300cde2b3d5b72b9307bf,15,A15,CDM -- l_valine_100x -- l_serine_100x,1,False,False,S. mutans UA159,aerobic
Plate 2$74336a26293a5127368300cde2b3d5b72b9307bf,16,A16,CDM -- l_aspartic_acid_45x -- l_glutamic_acid_75x,1,False,False,S. mutans UA159,aerobic
Plate 2$74336a26293a5127368300cde2b3d5b72b9307bf,17,A17,CDM -- l_asparagine_100x -- l_tryptophan_100x,2,False,False,S. mutans UA159,aerobic
Plate 2$74336a26293a5127368300cde2b3d5b72b9307bf,18,A18,CDM -- l_valine_100x -- l_lysine_100x,2,False,False,S. mutans UA159,aerobic
Plate 2$74336a26293a5127368300cde2b3d5b72b9307bf,19,A19,CDM -- l_tryptophan_100x -- l_glutamic_acid_75x,3,False,False,S. mutans UA159,aerobic
Plate 2$74336a26293a5127368300cde2b3d5b72b9307bf,20,A20,CDM -- dl_alanine_100x -- l_lysine_100x,1,False,False,S. mutans UA159,aerobic
Plate 2$74336a26293a5127368300cde2b3d5b72b9307bf,21,A21,CDM -- l_methionine_100x -- l_glutamine_100x,3,False,False,S. mutans UA159,aerobic
Plate 2$74336a26293a5127368300cde2b3d5b72b9307bf,22,A22,CDM -- l_aspartic_acid_45x,1,False,False,S. mutans UA159,aerobic
Plate 2$74336a26293a5127368300cde2b3d5b72b9307bf,23,A23,CDM -- l_tryptophan_100x,3,False,False,S. mutans UA159,aerobic
Plate 2$74336a26293a5127368300cde2b3d5b72b9307bf,24,A24,CDM -- l_leucine_100x -- l_histidine_100x,3,False,False,S. mutans UA159,aerobic
Plate 2$74336a26293a5127368300cde2b3d5b72b9307bf,25,B1,CDM -- l_isoleucine_100x,1,False,False,S. mutans UA159,aerobic
Plate 2$74336a26293a5127368300cde2b3d5b72b9307bf,26,B2,CDM,1,False,True,S. mutans UA159,aerobic
Plate 2$74336a26293a5127368300cde2b3d5b72b9307bf,27,B3,CDM -- l_glutamine_100x -- l_cysteine_100x,2,False,False,S. mutans UA159,aerobic
Plate 2$74336a26293a5127368300cde2b3d5b72b9307bf,28,B4,CDM -- l_threonine_100x -- l_histidine_100x,2,False,False,S. mutans UA159,aerobic
Plate 2$74336a26293a5127368300cde2b3d5b72b9307bf,29,B5,CDM -- l_asparagine_100x -- l_methionine_100x,1,False,False,S. mutans UA159,aerobic
Plate 2$74336a26293a5127368300cde2b3d5b72b9307bf,30,B6,CDM -- l_leucine_100x -- l_tyrosine_100x,2,False,False,S. mutans UA159,aerobic
Plate 2$74336a26293a5127368300cde2b3d5b72b9307bf,31,B7,CDM -- l_leucine_100x -- prolines_100x,2,False,False,S. mutans UA159,aerobic
Plate 2$74336a26293a5127368300cde2b3d5b72b9307bf,32,B8,CDM -- l_valine_100x -- l_serine_100x,3,False,False,S. mutans UA159,aerobic
Plate 2$74336a26293a5127368300cde2b3d5b72b9307bf,33,B9,CDM -- l_isoleucine_100x -- l_cysteine_100x,1,False,False,S. mutans UA159,aerobic
Plate 2$74336a26293a5127368300cde2b3d5b72b9307bf,34,B10,CDM -- l_glutamine_100x -- l_threonine_100x,2,False,False,S. mutans UA159,aerobic
Plate 2$74336a26293a5127368300cde2b3d5b72b9307bf,35,B11,CDM -- l_arginine_100x,1,False,False,S. mutans UA159,aerobic
Plate 2$74336a26293a5127368300cde2b3d5b72b9307bf,36,B12,CDM -- l_isoleucine_100x -- l_methionine_100x,3,False,False,S. mutans UA159,aerobic
Plate 2$74336a26293a5127368300cde2b3d5b72b9307bf,37,B13,CDM -- l_serine_100x -- l_cysteine_100x,2,False,False,S. mutans UA159,aerobic
Plate 2$74336a26293a5127368300cde2b3d5b72b9307bf,38,B14,CDM -- l_threonine_100x -- l_tryptophan_100x,3,False,False,S. mutans UA159,aerobic
Plate 2$74336a26293a5127368300cde2b3d5b72b9307bf,39,B15,CDM -- l_threonine_100x -- l_histidine_100x,1,False,False,S. mutans UA159,aerobic
Plate 2$74336a26293a5127368300cde2b3d5b72b9307bf,40,B16,CDM -- l_threonine_100x,1,False,False,S. mutans UA159,aerobic
Plate 2$74336a26293a5127368300cde2b3d5b72b9307bf,41,B17,CDM -- l_glutamine_100x -- l_phenylalanine_100x,2,False,False,S. mutans UA159,aerobic
Plate 2$74336a26293a5127368300cde2b3d5b72b9307bf,42,B18,CDM -- l_methionine_100x -- prolines_100x,2,False,False,S. mutans UA159,aerobic
Plate 2$74336a26293a5127368300cde2b3d5b72b9307bf,43,B19,CDM -- l_isoleucine_100x -- l_leucine_100x,2,False,False,S. mutans UA159,aerobic
Plate 2$74336a26293a5127368300cde2b3d5b72b9307bf,44,B20,CDM -- l_leucine_100x,3,False,False,S. mutans UA159,aerobic
Plate 2$74336a26293a5127368300cde2b3d5b72b9307bf,45,B21,CDM -- prolines_100x -- l_cysteine_100x,3,False,False,S. mutans UA159,aerobic
Plate 2$74336a26293a5127368300cde2b3d5b72b9307bf,46,B22,CDM -- l_glutamic_acid_75x -- l_phenylalanine_100x,3,False,False,S. mutans UA159,aerobic
Plate 2$74336a26293a5127368300cde2b3d5b72b9307bf,47,B23,CDM -- l_leucine_100x -- l_histidine_100x,2,False,False,S. mutans UA159,aerobic
Plate 2$74336a26293a5127368300cde2b3d5b72b9307bf,48,B24,CDM -- l_phenylalanine_100x -- l_histidine_100x,3,False,False,S. mutans UA159,aerobic
Plate 2$74336a26293a5127368300cde2b3d5b72b9307bf,49,C1,CDM -- l_aspartic_acid_45x -- l_glutamic_acid_75x,3,False,False,S. mutans UA159,aerobic
Plate 2$74336a26293a5127368300cde2b3d5b72b9307bf,50,C2,CDM -- l_tyrosine_100x -- l_histidine_100x,1,False,False,S. mutans UA159,aerobic
Plate 2$74336a26293a5127368300cde2b3d5b72b9307bf,51,C3,CDM -- l_glutamic_acid_75x -- l_phenylalanine_100x,1,False,False,S. mutans UA159,aerobic
Plate 2$74336a26293a5127368300cde2b3d5b72b9307bf,52,C4,CDM -- l_cysteine_100x -- l_histidine_100x,1,False,False,S. mutans UA159,aerobic
Plate 2$74336a26293a5127368300cde2b3d5b72b9307bf,53,C5,CDM -- dl_alanine_100x -- l_asparagine_100x,1,False,False,S. mutans UA159,aerobic
Plate 2$74336a26293a5127368300cde2b3d5b72b9307bf,54,C6,CDM -- l_methionine_100x -- prolines_100x,3,False,False,S. mutans UA159,aerobic
Plate 2$74336a26293a5127368300cde2b3d5b72b9307bf,55,C7,CDM -- l_phenylalanine_100x -- l_histidine_100x,2,False,False,S. mutans UA159,aerobic
Plate 2$74336a26293a5127368300cde2b3d5b72b9307bf,56,C8,CDM -- glycine_100x -- l_serine_100x,2,False,False,S. mutans UA159,aerobic
Plate 2$74336a26293a5127368300cde2b3d5b72b9307bf,57,C9,CDM -- l_isoleucine_100x -- l_tryptophan_100x,1,False,False,S. mutans UA159,aerobic
Plate 2$74336a26293a5127368300cde2b3d5b72b9307bf,58,C10,CDM -- l_methionine_100x -- l_threonine_100x,3,False,False,S. mutans UA159,aerobic
Plate 2$74336a26293a5127368300cde2b3d5b72b9307bf,59,C11,CDM -- l_glutamine_100x -- l_threonine_100x,1,False,False,S. mutans UA159,aerobic
Plate 2$74336a26293a5127368300cde2b3d5b72b9307bf,60,C12,CDM -- l_arginine_100x -- l_tyrosine_100x,2,False,False,S. mutans UA159,aerobic
Plate 2$74336a26293a5127368300cde2b3d5b72b9307bf,61,C13,CDM -- prolines_100x -- l_cysteine_100x,2,False,False,S. mutans UA159,aerobic
Plate 2$74336a26293a5127368300cde2b3d5b72b9307bf,62,C14,CDM -- l_glutamic_acid_75x -- l_phenylalanine_100x,2,False,False,S. mutans UA159,aerobic
Plate 2$74336a26293a5127368300cde2b3d5b72b9307bf,63,C15,CDM -- l_lysine_100x -- l_histidine_100x,1,False,False,S. mutans UA159,aerobic
Plate 2$74336a26293a5127368300cde2b3d5b72b9307bf,64,C16,CDM -- l_isoleucine_100x -- l_valine_100x,1,False,False,S. mutans UA159,aerobic
Plate 2$74336a26293a5127368300cde2b3d5b72b9307bf,65,C17,CDM -- l_tyrosine_100x -- l_cysteine_100x,1,False,False,S. mutans UA159,aerobic
Plate 2$74336a26293a5127368300cde2b3d5b72b9307bf,66,C18,CDM -- l_tryptophan_100x -- l_glutamic_acid_75x,1,False,False,S. mutans UA159,aerobic
Plate 2$74336a26293a5127368300cde2b3d5b72b9307bf,67,C19,CDM -- prolines_100x -- l_phenylalanine_100x,2,False,False,S. mutans UA159,aerobic
Plate 2$74336a26293a5127368300cde2b3d5b72b9307bf,68,C20,CDM -- l_tryptophan_100x -- l_valine_100x,3,False,False,S. mutans UA159,aerobic
Plate 2$74336a26293a5127368300cde2b3d5b72b9307bf,69,C21,CDM -- l_asparagine_100x -- l_methionine_100x,2,False,False,S. mutans UA159,aerobic
Plate 2$74336a26293a5127368300cde2b3d5b72b9307bf,70,C22,CDM -- prolines_100x,2,False,False,S. mutans UA159,aerobic
Plate 2$74336a26293a5127368300cde2b3d5b72b9307bf,71,C23,CDM -- glycine_100x -- l_serine_100x,1,False,False,S. mutans UA159,aerobic
Plate 2$74336a26293a5127368300cde2b3d5b72b9307bf,72,C24,CDM -- l_arginine_100x -- l_cysteine_100x,1,False,False,S. mutans UA159,aerobic
Plate 2$74336a26293a5127368300cde2b3d5b72b9307bf,73,D1,CDM -- dl_alanine_100x -- l_threonine_100x,3,False,False,S. mutans UA159,aerobic
Plate 2$74336a26293a5127368300cde2b3d5b72b9307bf,74,D2,CDM -- l_glutamine_100x -- l_arginine_100x,3,False,False,S. mutans UA159,aerobic
Plate 2$74336a26293a5127368300cde2b3d5b72b9307bf,75,D3,CDM -- l_glutamine_100x -- l_arginine_100x,1,False,False,S. mutans UA159,aerobic
Plate 2$74336a26293a5127368300cde2b3d5b72b9307bf,76,D4,CDM -- l_asparagine_100x -- l_leucine_100x,3,False,False,S. mutans UA159,aerobic
Plate 2$74336a26293a5127368300cde2b3d5b72b9307bf,77,D5,CDM -- glycine_100x -- l_methionine_100x,1,False,False,S. mutans UA159,aerobic
Plate 2$74336a26293a5127368300cde2b3d5b72b9307bf,78,D6,CDM -- l_arginine_100x -- prolines_100x,2,False,False,S. mutans UA159,aerobic
Plate 2$74336a26293a5127368300cde2b3d5b72b9307bf,79,D7,CDM -- l_tryptophan_100x -- l_lysine_100x,2,False,False,S. mutans UA159,aerobic
Plate 2$74336a26293a5127368300cde2b3d5b72b9307bf,80,D8,CDM -- l_cysteine_100x,3,False,False,S. mutans UA159,aerobic
Plate 2$74336a26293a5127368300cde2b3d5b72b9307bf,81,D9,CDM -- l_glutamine_100x -- l_tyrosine_100x,2,False,False,S. mutans UA159,aerobic
Plate 2$74336a26293a5127368300cde2b3d5b72b9307bf,82,D10,CDM -- prolines_100x -- l_phenylalanine_100x,3,False,False,S. mutans UA159,aerobic
Plate 2$74336a26293a5127368300cde2b3d5b72b9307bf,83,D11,CDM -- dl_alanine_100x -- l_cysteine_100x,1,False,False,S. mutans UA159,aerobic
Plate 2$74336a26293a5127368300cde2b3d5b72b9307bf,84,D12,CDM -- l_methionine_100x -- l_threonine_100x,2,False,False,S. mutans UA159,aerobic
Plate 2$74336a26293a5127368300cde2b3d5b72b9307bf,85,D13,CDM -- dl_alanine_100x -- l_lysine_100x,3,False,False,S. mutans UA159,aerobic
Plate 2$74336a26293a5127368300cde2b3d5b72b9307bf,86,D14,CDM -- l_lysine_100x -- l_tyrosine_100x,1,False,False,S. mutans UA159,aerobic
Plate 2$74336a26293a5127368300cde2b3d5b72b9307bf,87,D15,CDM -- glycine_100x -- l_histidine_100x,2,False,False,S. mutans UA159,aerobic
Plate 2$74336a26293a5127368300cde2b3d5b72b9307bf,88,D16,CDM -- dl_alanine_100x -- l_tyrosine_100x,2,False,False,S. mutans UA159,aerobic
Plate 2$74336a26293a5127368300cde2b3d5b72b9307bf,89,D17,CDM -- l_arginine_100x -- l_threonine_100x,2,False,False,S. mutans UA159,aerobic
Plate 2$74336a26293a5127368300cde2b3d5b72b9307bf,90,D18,CDM -- l_asparagine_100x -- l_valine_100x,1,False,False,S. mutans UA159,aerobic
Plate 2$74336a26293a5127368300cde2b3d5b72b9307bf,91,D19,CDM -- l_leucine_100x -- l_phenylalanine_100x,3,False,False,S. mutans UA159,aerobic
Plate 2$74336a26293a5127368300cde2b3d5b72b9307bf,92,D20,CDM -- l_arginine_100x -- l_threonine_100x,1,False,False,S. mutans UA159,aerobic
Plate 2$74336a26293a5127368300cde2b3d5b72b9307bf,93,D21,CDM -- l_valine_100x -- l_glutamic_acid_75x,2,False,False,S. mutans UA159,aerobic
Plate 2$74336a26293a5127368300cde2b3d5b72b9307bf,94,D22,CDM -- l_valine_100x -- l_lysine_100x,1,False,False,S. mutans UA159,aerobic
Plate 2$74336a26293a5127368300cde2b3d5b72b9307bf,95,D23,CDM -- l_threonine_100x -- l_valine_100x,2,False,False,S. mutans UA159,aerobic
Plate 2$74336a26293a5127368300cde2b3d5b72b9307bf,96,D24,CDM -- l_lysine_100x -- l_histidine_100x,2,False,False,S. mutans UA159,aerobic
Plate 2$74336a26293a5127368300cde2b3d5b72b9307bf,97,E1,CDM -- l_asparagine_100x -- l_serine_100x,1,False,False,S. mutans UA159,aerobic
Plate 2$74336a26293a5127368300cde2b3d5b72b9307bf,98,E2,CDM -- l_tryptophan_100x -- l_lysine_100x,1,False,False,S. mutans UA159,aerobic
Plate 2$74336a26293a5127368300cde2b3d5b72b9307bf,99,E3,CDM -- l_lysine_100x -- l_cysteine_100x,2,False,False,S. mutans UA159,aerobic
Plate 2$74336a26293a5127368300cde2b3d5b72b9307bf,100,E4,CDM -- l_asparagine_100x -- l_tryptophan_100x,3,False,False,S. mutans UA159,aerobic
Plate 2$74336a26293a5127368300cde2b3d5b72b9307bf,101,E5,CDM -- l_threonine_100x,2,False,False,S. mutans UA159,aerobic
Plate 2$74336a26293a5127368300cde2b3d5b72b9307bf,102,E6,CDM -- dl_alanine_100x -- l_phenylalanine_100x,3,False,False,S. mutans UA159,aerobic
Plate 2$74336a26293a5127368300cde2b3d5b72b9307bf,103,E7,CDM -- l_leucine_100x -- l_glutamic_acid_75x,1,False,False,S. mutans UA159,aerobic
Plate 2$74336a26293a5127368300cde2b3d5b72b9307bf,104,E8,CDM -- dl_alanine_100x -- l_glutamine_100x,1,False,False,S. mutans UA159,aerobic
Plate 2$74336a26293a5127368300cde2b3d5b72b9307bf,105,E9,CDM -- l_methionine_100x -- l_phenylalanine_100x,3,False,False,S. mutans UA159,aerobic
Plate 2$74336a26293a5127368300cde2b3d5b72b9307bf,106,E10,CDM -- l_glutamine_100x -- prolines_100x,3,False,False,S. mutans UA159,aerobic
Plate 2$74336a26293a5127368300cde2b3d5b72b9307bf,107,E11,CDM -- l_isoleucine_100x -- l_methionine_100x,1,False,False,S. mutans UA159,aerobic
Plate 2$74336a26293a5127368300cde2b3d5b72b9307bf,108,E12,CDM -- dl_alanine_100x -- l_asparagine_100x,2,False,False,S. mutans UA159,aerobic
Plate 2$74336a26293a5127368300cde2b3d5b72b9307bf,109,E13,CDM -- glycine_100x -- l_histidine_100x,1,False,False,S. mutans UA159,aerobic
Plate 2$74336a26293a5127368300cde2b3d5b72b9307bf,110,E14,CDM -- prolines_100x,1,False,False,S. mutans UA159,aerobic
Plate 2$74336a26293a5127368300cde2b3d5b72b9307bf,111,E15,CDM -- l_threonine_100x -- l_cysteine_100x,2,False,False,S. mutans UA159,aerobic
Plate 2$74336a26293a5127368300cde2b3d5b72b9307bf,112,E16,CDM -- l_isoleucine_100x -- l_tryptophan_100x,2,False,False,S. mutans UA159,aerobic
Plate 2$74336a26293a5127368300cde2b3d5b72b9307bf,113,E17,CDM -- l_leucine_100x -- l_glutamic_acid_75x,3,False,False,S. mutans UA159,aerobic
Plate 2$74336a26293a5127368300cde2b3d5b72b9307bf,114,E18,CDM -- l_cysteine_100x -- l_histidine_100x,2,False,False,S. mutans UA159,aerobic
Plate 2$74336a26293a5127368300cde2b3d5b72b9307bf,115,E19,CDM -- l_arginine_100x -- l_phenylalanine_100x,1,False,False,S. mutans UA159,aerobic
Plate 2$74336a26293a5127368300cde2b3d5b72b9307bf,116,E20,CDM -- dl_alanine_100x -- l_threonine_100x,1,False,False,S. mutans UA159,aerobic
Plate 2$74336a26293a5127368300cde2b3d5b72b9307bf,117,E21,CDM -- l_isoleucine_100x -- l_leucine_100x,1,False,False,S. mutans UA159,aerobic
Plate 2$74336a26293a5127368300cde2b3d5b72b9307bf,118,E22,CDM -- l_threonine_100x -- l_phenylalanine_100x,1,False,False,S. mutans UA159,aerobic
Plate 2$74336a26293a5127368300cde2b3d5b72b9307bf,119,E23,CDM -- l_glutamine_100x -- l_threonine_100x,3,False,False,S. mutans UA159,aerobic
Plate 2$74336a26293a5127368300cde2b3d5b72b9307bf,120,E24,CDM -- dl_alanine_100x -- prolines_100x,3,False,False,S. mutans UA159,aerobic
Plate 2$74336a26293a5127368300cde2b3d5b72b9307bf,121,F1,CDM -- l_isoleucine_100x -- l_tryptophan_100x,3,False,False,S. mutans UA159,aerobic
Plate 2$74336a26293a5127368300cde2b3d5b72b9307bf,122,F2,CDM -- l_aspartic_acid_45x -- l_tyrosine_100x,3,False,False,S. mutans UA159,aerobic
Plate 2$74336a26293a5127368300cde2b3d5b72b9307bf,123,F3,CDM -- l_methionine_100x -- l_tyrosine_100x,1,False,False,S. mutans UA159,aerobic
Plate 2$74336a26293a5127368300cde2b3d5b72b9307bf,124,F4,CDM -- l_arginine_100x -- l_threonine_100x,3,False,False,S. mutans UA159,aerobic
Plate 2$74336a26293a5127368300cde2b3d5b72b9307bf,125,F5,CDM -- l_arginine_100x,3,False,False,S. mutans UA159,aerobic
Plate 2$74336a26293a5127368300cde2b3d5b72b9307bf,126,F6,CDM -- l_glutamine_100x -- l_histidine_100x,3,False,False,S. mutans UA159,aerobic
Plate 2$74336a26293a5127368300cde2b3d5b72b9307bf,127,F7,CDM -- l_asparagine_100x -- l_valine_100x,3,False,False,S. mutans UA159,aerobic
Plate 2$74336a26293a5127368300cde2b3d5b72b9307bf,128,F8,CDM -- l_tyrosine_100x -- l_cysteine_100x,3,False,False,S. mutans UA159,aerobic
Plate 2$74336a26293a5127368300cde2b3d5b72b9307bf,129,F9,CDM -- l_tryptophan_100x -- l_valine_100x,1,False,False,S. mutans UA159,aerobic
Plate 2$74336a26293a5127368300cde2b3d5b72b9307bf,130,F10,CDM -- l_leucine_100x -- l_aspartic_acid_45x,1,False,False,S. mutans UA159,aerobic
Plate 2$74336a26293a5127368300cde2b3d5b72b9307bf,131,F11,CDM -- l_serine_100x -- l_cysteine_100x,1,False,False,S. mutans UA159,aerobic
Plate 2$74336a26293a5127368300cde2b3d5b72b9307bf,132,F12,CDM -- l_aspartic_acid_45x -- l_glutamic_acid_75x,2,False,False,S. mutans UA159,aerobic
Plate 2$74336a26293a5127368300cde2b3d5b72b9307bf,133,F13,CDM -- l_leucine_100x -- l_histidine_100x,1,False,False,S. mutans UA159,aerobic
Plate 2$74336a26293a5127368300cde2b3d5b72b9307bf,134,F14,CDM -- l_glutamine_100x -- l_histidine_100x,2,False,False,S. mutans UA159,aerobic
Plate 2$74336a26293a5127368300cde2b3d5b72b9307bf,135,F15,CDM,3,True,False,S. mutans UA159,aerobic
Plate 2$74336a26293a5127368300cde2b3d5b72b9307bf,136,F16,CDM -- dl_alanine_100x -- l_isoleucine_100x,1,False,False,S. mutans UA159,aerobic
Plate 2$74336a26293a5127368300cde2b3d5b72b9307bf,137,F17,CDM -- l_asparagine_100x -- l_serine_100x,3,False,False,S. mutans UA159,aerobic
Plate 2$74336a26293a5127368300cde2b3d5b72b9307bf,138,F18,CDM -- l_glutamine_100x -- l_cysteine_100x,1,False,False,S. mutans UA159,aerobic
Plate 2$74336a26293a5127368300cde2b3d5b72b9307bf,139,F19,CDM -- l_serine_100x -- l_phenylalanine_100x,3,False,False,S. mutans UA159,aerobic
Plate 2$74336a26293a5127368300cde2b3d5b72b9307bf,140,F20,CDM -- glycine_100x -- l_leucine_100x,1,False,False,S. mutans UA159,aerobic
Plate 2$74336a26293a5127368300cde2b3d5b72b9307bf,141,F21,CDM -- dl_alanine_100x -- l_glutamine_100x,2,False,False,S. mutans UA159,aerobic
Plate 2$74336a26293a5127368300cde2b3d5b72b9307bf,142,F22,CDM -- l_asparagine_100x -- l_arginine_100x,3,False,False,S. mutans UA159,aerobic
Plate 2$74336a26293a5127368300cde2b3d5b72b9307bf,143,F23,CDM -- l_arginine_100x -- l_phenylalanine_100x,2,False,False,S. mutans UA159,aerobic
Plate 2$74336a26293a5127368300cde2b3d5b72b9307bf,144,F24,CDM -- l_aspartic_acid_45x -- l_tyrosine_100x,2,False,False,S. mutans UA159,aerobic
Plate 2$74336a26293a5127368300cde2b3d5b72b9307bf,145,G1,CDM -- l_asparagine_100x -- l_tryptophan_100x,1,False,False,S. mutans UA159,aerobic
Plate 2$74336a26293a5127368300cde2b3d5b72b9307bf,146,G2,CDM -- prolines_100x -- l_valine_100x,3,False,False,S. mutans UA159,aerobic
Plate 2$74336a26293a5127368300cde2b3d5b72b9307bf,147,G3,CDM,2,True,False,S. mutans UA159,aerobic
Plate 2$74336a26293a5127368300cde2b3d5b72b9307bf,148,G4,CDM -- l_arginine_100x -- l_histidine_100x,2,False,False,S. mutans UA159,aerobic
Plate 2$74336a26293a5127368300cde2b3d5b72b9307bf,149,G5,CDM -- l_tryptophan_100x -- l_serine_100x,2,False,False,S. mutans UA159,aerobic
Plate 2$74336a26293a5127368300cde2b3d5b72b9307bf,150,G6,CDM -- l_glutamine_100x -- l_tyrosine_100x,3,False,False,S. mutans UA159,aerobic
Plate 2$74336a26293a5127368300cde2b3d5b72b9307bf,151,G7,CDM -- l_aspartic_acid_45x -- l_serine_100x,2,False,False,S. mutans UA159,aerobic
Plate 2$74336a26293a5127368300cde2b3d5b72b9307bf,152,G8,CDM -- dl_alanine_100x -- l_phenylalanine_100x,2,False,False,S. mutans UA159,aerobic
Plate 2$74336a26293a5127368300cde2b3d5b72b9307bf,153,G9,CDM -- l_methionine_100x -- l_leucine_100x,1,False,False,S. mutans UA159,aerobic
Plate 2$74336a26293a5127368300cde2b3d5b72b9307bf,154,G10,CDM -- l_aspartic_acid_45x,2,False,False,S. mutans UA159,aerobic
Plate 2$74336a26293a5127368300cde2b3d5b72b9307bf,155,G11,CDM -- l_threonine_100x -- l_cysteine_100x,1,False,False,S. mutans UA159,aerobic
Plate 2$74336a26293a5127368300cde2b3d5b72b9307bf,156,G12,CDM -- glycine_100x -- l_arginine_100x,2,False,False,S. mutans UA159,aerobic
Plate 2$74336a26293a5127368300cde2b3d5b72b9307bf,157,G13,CDM -- l_threonine_100x -- l_phenylalanine_100x,2,False,False,S. mutans UA159,aerobic
Plate 2$74336a26293a5127368300cde2b3d5b72b9307bf,158,G14,CDM -- glycine_100x -- l_arginine_100x,3,False,False,S. mutans UA159,aerobic
Plate 2$74336a26293a5127368300cde2b3d5b72b9307bf,159,G15,CDM -- l_asparagine_100x -- l_glutamine_100x,2,False,False,S. mutans UA159,aerobic
Plate 2$74336a26293a5127368300cde2b3d5b72b9307bf,160,G16,CDM -- l_tryptophan_100x -- l_valine_100x,2,False,False,S. mutans UA159,aerobic
Plate 2$74336a26293a5127368300cde2b3d5b72b9307bf,161,G17,CDM -- l_leucine_100x -- l_aspartic_acid_45x,3,False,False,S. mutans UA159,aerobic
Plate 2$74336a26293a5127368300cde2b3d5b72b9307bf,162,G18,CDM -- dl_alanine_100x -- l_asparagine_100x,3,False,False,S. mutans UA159,aerobic
Plate 2$74336a26293a5127368300cde2b3d5b72b9307bf,163,G19,CDM -- prolines_100x,3,False,False,S. mutans UA159,aerobic
Plate 2$74336a26293a5127368300cde2b3d5b72b9307bf,164,G20,CDM -- l_isoleucine_100x -- l_glutamine_100x,1,False,False,S. mutans UA159,aerobic
Plate 2$74336a26293a5127368300cde2b3d5b72b9307bf,165,G21,CDM -- l_tryptophan_100x,1,False,False,S. mutans UA159,aerobic
Plate 2$74336a26293a5127368300cde2b3d5b72b9307bf,166,G22,CDM -- l_threonine_100x -- l_tryptophan_100x,1,False,False,S. mutans UA159,aerobic
Plate 2$74336a26293a5127368300cde2b3d5b72b9307bf,167,G23,CDM -- l_methionine_100x -- l_cysteine_100x,3,False,False,S. mutans UA159,aerobic
Plate 2$74336a26293a5127368300cde2b3d5b72b9307bf,168,G24,CDM -- l_threonine_100x -- l_valine_100x,1,False,False,S. mutans UA159,aerobic
Plate 2$74336a26293a5127368300cde2b3d5b72b9307bf,169,H1,CDM -- l_isoleucine_100x -- l_methionine_100x,2,False,False,S. mutans UA159,aerobic
Plate 2$74336a26293a5127368300cde2b3d5b72b9307bf,170,H2,CDM -- l_threonine_100x -- l_cysteine_100x,3,False,False,S. mutans UA159,aerobic
Plate 2$74336a26293a5127368300cde2b3d5b72b9307bf,171,H3,CDM -- l_isoleucine_100x -- l_serine_100x,3,False,False,S. mutans UA159,aerobic
Plate 2$74336a26293a5127368300cde2b3d5b72b9307bf,172,H4,CDM -- glycine_100x -- l_valine_100x,1,False,False,S. mutans UA159,aerobic
Plate 2$74336a26293a5127368300cde2b3d5b72b9307bf,173,H5,CDM -- glycine_100x -- l_glutamic_acid_75x,3,False,False,S. mutans UA159,aerobic
Plate 2$74336a26293a5127368300cde2b3d5b72b9307bf,174,H6,CDM -- l_aspartic_acid_45x -- l_lysine_100x,1,False,False,S. mutans UA159,aerobic
Plate 2$74336a26293a5127368300cde2b3d5b72b9307bf,175,H7,CDM -- l_asparagine_100x -- l_methionine_100x,3,False,False,S. mutans UA159,aerobic
Plate 2$74336a26293a5127368300cde2b3d5b72b9307bf,176,H8,CDM -- l_methionine_100x -- l_tyrosine_100x,2,False,False,S. mutans UA159,aerobic
Plate 2$74336a26293a5127368300cde2b3d5b72b9307bf,177,H9,CDM -- l_leucine_100x -- l_phenylalanine_100x,2,False,False,S. mutans UA159,aerobic
Plate 2$74336a26293a5127368300cde2b3d5b72b9307bf,178,H10,CDM -- dl_alanine_100x -- glycine_100x,3,False,False,S. mutans UA159,aerobic
Plate 2$74336a26293a5127368300cde2b3d5b72b9307bf,179,H11,CDM -- dl_alanine_100x -- l_lysine_100x,2,False,False,S. mutans UA159,aerobic
Plate 2$74336a26293a5127368300cde2b3d5b72b9307bf,180,H12,CDM -- l_threonine_100x -- l_histidine_100x,3,False,False,S. mutans UA159,aerobic
Plate 2$74336a26293a5127368300cde2b3d5b72b9307bf,181,H13,CDM -- l_arginine_100x -- l_histidine_100x,3,False,False,S. mutans UA159,aerobic
Plate 2$74336a26293a5127368300cde2b3d5b72b9307bf,182,H14,CDM -- l_aspartic_acid_45x -- l_lysine_100x,2,False,False,S. mutans UA159,aerobic
Plate 2$74336a26293a5127368300cde2b3d5b72b9307bf,183,H15,CDM -- l_isoleucine_100x -- l_serine_100x,2,False,False,S. mutans UA159,aerobic
Plate 2$74336a26293a5127368300cde2b3d5b72b9307bf,184,H16,CDM -- l_serine_100x -- l_cysteine_100x,3,False,False,S. mutans UA159,aerobic
Plate 2$74336a26293a5127368300cde2b3d5b72b9307bf,185,H17,CDM -- l_glutamine_100x -- l_cysteine_100x,3,False,False,S. mutans UA159,aerobic
Plate 2$74336a26293a5127368300cde2b3d5b72b9307bf,186,H18,CDM -- glycine_100x -- l_aspartic_acid_45x,2,False,False,S. mutans UA159,aerobic
Plate 2$74336a26293a5127368300cde2b3d5b72b9307bf,187,H19,CDM -- l_serine_100x -- l_phenylalanine_100x,2,False,False,S. mutans UA159,aerobic
Plate 2$74336a26293a5127368300cde2b3d5b72b9307bf,188,H20,CDM -- dl_alanine_100x -- l_phenylalanine_100x,1,False,False,S. mutans UA159,aerobic
Plate 2$74336a26293a5127368300cde2b3d5b72b9307bf,189,H21,CDM -- l_arginine_100x -- l_phenylalanine_100x,3,False,False,S. mutans UA159,aerobic
Plate 2$74336a26293a5127368300cde2b3d5b72b9307bf,190,H22,CDM -- l_serine_100x -- l_histidine_100x,3,False,False,S. mutans UA159,aerobic
Plate 2$74336a26293a5127368300cde2b3d5b72b9307bf,191,H23,CDM -- l_methionine_100x -- l_tyrosine_100x,3,False,False,S. mutans UA159,aerobic
Plate 2$74336a26293a5127368300cde2b3d5b72b9307bf,192,H24,CDM -- l_asparagine_100x -- l_valine_100x,2,False,False,S. mutans UA159,aerobic
Plate 2$74336a26293a5127368300cde2b3d5b72b9307bf,193,I1,CDM -- glycine_100x -- l_valine_100x,2,False,False,S. mutans UA159,aerobic
Plate 2$74336a26293a5127368300cde2b3d5b72b9307bf,194,I2,CDM -- glycine_100x -- l_tryptophan_100x,3,False,False,S. mutans UA159,aerobic
Plate 2$74336a26293a5127368300cde2b3d5b72b9307bf,195,I3,CDM -- l_glutamine_100x -- l_phenylalanine_100x,3,False,False,S. mutans UA159,aerobic
Plate 2$74336a26293a5127368300cde2b3d5b72b9307bf,196,I4,CDM -- l_cysteine_100x,2,False,False,S. mutans UA159,aerobic
Plate 2$74336a26293a5127368300cde2b3d5b72b9307bf,197,I5,CDM -- prolines_100x -- l_valine_100x,1,False,False,S. mutans UA159,aerobic
Plate 2$74336a26293a5127368300cde2b3d5b72b9307bf,198,I6,CDM -- prolines_100x -- l_valine_100x,2,False,False,S. mutans UA159,aerobic
Plate 2$74336a26293a5127368300cde2b3d5b72b9307bf,199,I7,CDM -- prolines_100x -- l_phenylalanine_100x,1,False,False,S. mutans UA159,aerobic
Plate 2$74336a26293a5127368300cde2b3d5b72b9307bf,200,I8,CDM -- l_valine_100x,3,False,False,S. mutans UA159,aerobic
Plate 2$74336a26293a5127368300cde2b3d5b72b9307bf,201,I9,CDM -- l_lysine_100x -- l_cysteine_100x,3,False,False,S. mutans UA159,aerobic
Plate 2$74336a26293a5127368300cde2b3d5b72b9307bf,202,I10,CDM -- l_leucine_100x -- l_threonine_100x,2,False,False,S. mutans UA159,aerobic
Plate 2$74336a26293a5127368300cde2b3d5b72b9307bf,203,I11,CDM -- l_asparagine_100x -- l_glutamine_100x,3,False,False,S. mutans UA159,aerobic
Plate 2$74336a26293a5127368300cde2b3d5b72b9307bf,204,I12,CDM -- l_lysine_100x -- l_tyrosine_100x,2,False,False,S. mutans UA159,aerobic
Plate 2$74336a26293a5127368300cde2b3d5b72b9307bf,205,I13,CDM -- l_tryptophan_100x -- l_serine_100x,3,False,False,S. mutans UA159,aerobic
Plate 2$74336a26293a5127368300cde2b3d5b72b9307bf,206,I14,CDM -- dl_alanine_100x -- l_threonine_100x,2,False,False,S. mutans UA159,aerobic
Plate 2$74336a26293a5127368300cde2b3d5b72b9307bf,207,I15,CDM -- glycine_100x -- l_arginine_100x,1,False,False,S. mutans UA159,aerobic
Plate 2$74336a26293a5127368300cde2b3d5b72b9307bf,208,I16,CDM -- l_glutamine_100x -- prolines_100x,1,False,False,S. mutans UA159,aerobic
Plate 2$74336a26293a5127368300cde2b3d5b72b9307bf,209,I17,CDM -- l_aspartic_acid_45x -- l_lysine_100x,3,False,False,S. mutans UA159,aerobic
Plate 2$74336a26293a5127368300cde2b3d5b72b9307bf,210,I18,CDM -- l_aspartic_acid_45x -- l_serine_100x,1,False,False,S. mutans UA159,aerobic
Plate 2$74336a26293a5127368300cde2b3d5b72b9307bf,211,I19,CDM -- l_valine_100x -- l_glutamic_acid_75x,1,False,False,S. mutans UA159,aerobic
Plate 2$74336a26293a5127368300cde2b3d5b72b9307bf,212,I20,CDM -- l_isoleucine_100x,2,False,False,S. mutans UA159,aerobic
Plate 2$74336a26293a5127368300cde2b3d5b72b9307bf,213,I21,CDM -- l_leucine_100x,2,False,False,S. mutans UA159,aerobic
Plate 2$74336a26293a5127368300cde2b3d5b72b9307bf,214,I22,CDM -- l_arginine_100x -- l_tyrosine_100x,3,False,False,S. mutans UA159,aerobic
Plate 2$74336a26293a5127368300cde2b3d5b72b9307bf,215,I23,CDM -- l_valine_100x,1,False,False,S. mutans UA159,aerobic
Plate 2$74336a26293a5127368300cde2b3d5b72b9307bf,216,I24,CDM -- dl_alanine_100x -- l_isoleucine_100x,3,False,False,S. mutans UA159,aerobic
Plate 2$74336a26293a5127368300cde2b3d5b72b9307bf,217,J1,CDM -- l_leucine_100x -- prolines_100x,1,False,False,S. mutans UA159,aerobic
Plate 2$74336a26293a5127368300cde2b3d5b72b9307bf,218,J2,CDM -- l_lysine_100x -- l_cysteine_100x,1,False,False,S. mutans UA159,aerobic
Plate 2$74336a26293a5127368300cde2b3d5b72b9307bf,219,J3,CDM -- l_asparagine_100x -- l_cysteine_100x,1,False,False,S. mutans UA159,aerobic
Plate 2$74336a26293a5127368300cde2b3d5b72b9307bf,220,J4,CDM -- l_leucine_100x -- l_tyrosine_100x,1,False,False,S. mutans UA159,aerobic
Plate 2$74336a26293a5127368300cde2b3d5b72b9307bf,221,J5,CDM -- l_arginine_100x -- l_cysteine_100x,3,False,False,S. mutans UA159,aerobic
Plate 2$74336a26293a5127368300cde2b3d5b72b9307bf,222,J6,CDM,2,False,True,S. mutans UA159,aerobic
Plate 2$74336a26293a5127368300cde2b3d5b72b9307bf,223,J7,CDM -- l_leucine_100x -- l_threonine_100x,1,False,False,S. mutans UA159,aerobic
Plate 2$74336a26293a5127368300cde2b3d5b72b9307bf,224,J8,CDM -- prolines_100x -- l_histidine_100x,1,False,False,S. mutans UA159,aerobic
Plate 2$74336a26293a5127368300cde2b3d5b72b9307bf,225,J9,CDM -- l_leucine_100x -- l_aspartic_acid_45x,2,False,False,S. mutans UA159,aerobic
Plate 2$74336a26293a5127368300cde2b3d5b72b9307bf,226,J10,CDM -- glycine_100x -- l_serine_100x,3,False,False,S. mutans UA159,aerobic
Plate 2$74336a26293a5127368300cde2b3d5b72b9307bf,227,J11,CDM -- l_isoleucine_100x,3,False,False,S. mutans UA159,aerobic
Plate 2$74336a26293a5127368300cde2b3d5b72b9307bf,228,J12,CDM -- glycine_100x -- l_aspartic_acid_45x,3,False,False,S. mutans UA159,aerobic
Plate 2$74336a26293a5127368300cde2b3d5b72b9307bf,229,J13,CDM -- prolines_100x -- l_tryptophan_100x,1,False,False,S. mutans UA159,aerobic
Plate 2$74336a26293a5127368300cde2b3d5b72b9307bf,230,J14,CDM -- l_methionine_100x -- l_arginine_100x,1,False,False,S. mutans UA159,aerobic
Plate 2$74336a26293a5127368300cde2b3d5b72b9307bf,231,J15,CDM -- dl_alanine_100x -- l_cysteine_100x,3,False,False,S. mutans UA159,aerobic
Plate 2$74336a26293a5127368300cde2b3d5b72b9307bf,232,J16,CDM -- dl_alanine_100x -- glycine_100x,2,False,False,S. mutans UA159,aerobic
Plate 2$74336a26293a5127368300cde2b3d5b72b9307bf,233,J17,CDM -- l_arginine_100x -- l_histidine_100x,1,False,False,S. mutans UA159,aerobic
Plate 2$74336a26293a5127368300cde2b3d5b72b9307bf,234,J18,CDM -- prolines_100x -- l_tryptophan_100x,3,False,False,S. mutans UA159,aerobic
Plate 2$74336a26293a5127368300cde2b3d5b72b9307bf,235,J19,CDM -- l_tyrosine_100x -- l_histidine_100x,2,False,False,S. mutans UA159,aerobic
Plate 2$74336a26293a5127368300cde2b3d5b72b9307bf,236,J20,CDM -- l_asparagine_100x -- l_cysteine_100x,2,False,False,S. mutans UA159,aerobic
Plate 2$74336a26293a5127368300cde2b3d5b72b9307bf,237,J21,CDM -- dl_alanine_100x -- l_tyrosine_100x,1,False,False,S. mutans UA159,aerobic
Plate 2$74336a26293a5127368300cde2b3d5b72b9307bf,238,J22,CDM -- l_cysteine_100x -- l_histidine_100x,3,False,False,S. mutans UA159,aerobic
Plate 2$74336a26293a5127368300cde2b3d5b72b9307bf,239,J23,CDM -- l_leucine_100x -- l_glutamic_acid_75x,2,False,False,S. mutans UA159,aerobic
Plate 2$74336a26293a5127368300cde2b3d5b72b9307bf,240,J24,CDM -- l_isoleucine_100x -- l_valine_100x,2,False,False,S. mutans UA159,aerobic
Plate 2$74336a26293a5127368300cde2b3d5b72b9307bf,241,K1,CDM -- l_isoleucine_100x -- l_asparagine_100x,2,False,False,S. mutans UA159,aerobic
Plate 2$74336a26293a5127368300cde2b3d5b72b9307bf,242,K2,CDM -- l_valine_100x -- l_serine_100x,2,False,False,S. mutans UA159,aerobic
Plate 2$74336a26293a5127368300cde2b3d5b72b9307bf,243,K3,CDM -- l_isoleucine_100x -- l_cysteine_100x,2,False,False,S. mutans UA159,aerobic
Plate 2$74336a26293a5127368300cde2b3d5b72b9307bf,244,K4,CDM -- l_arginine_100x,2,False,False,S. mutans UA159,aerobic
Plate 2$74336a26293a5127368300cde2b3d5b72b9307bf,245,K5,CDM -- l_isoleucine_100x -- l_cysteine_100x,3,False,False,S. mutans UA159,aerobic
Plate 2$74336a26293a5127368300cde2b3d5b72b9307bf,246,K6,CDM -- l_valine_100x,2,False,False,S. mutans UA159,aerobic
Plate 2$74336a26293a5127368300cde2b3d5b72b9307bf,247,K7,CDM -- l_asparagine_100x -- l_arginine_100x,1,False,False,S. mutans UA159,aerobic
Plate 2$74336a26293a5127368300cde2b3d5b72b9307bf,248,K8,CDM -- glycine_100x -- l_tryptophan_100x,2,False,False,S. mutans UA159,aerobic
Plate 2$74336a26293a5127368300cde2b3d5b72b9307bf,249,K9,CDM -- l_asparagine_100x -- l_leucine_100x,2,False,False,S. mutans UA159,aerobic
Plate 2$74336a26293a5127368300cde2b3d5b72b9307bf,250,K10,CDM -- l_tryptophan_100x,2,False,False,S. mutans UA159,aerobic
Plate 2$74336a26293a5127368300cde2b3d5b72b9307bf,251,K11,CDM -- dl_alanine_100x -- l_isoleucine_100x,2,False,False,S. mutans UA159,aerobic
Plate 2$74336a26293a5127368300cde2b3d5b72b9307bf,252,K12,CDM -- l_glutamine_100x -- l_arginine_100x,2,False,False,S. mutans UA159,aerobic
Plate 2$74336a26293a5127368300cde2b3d5b72b9307bf,253,K13,CDM -- l_glutamine_100x -- l_phenylalanine_100x,1,False,False,S. mutans UA159,aerobic
Plate 2$74336a26293a5127368300cde2b3d5b72b9307bf,254,K14,CDM -- l_cysteine_100x,1,False,False,S. mutans UA159,aerobic
Plate 2$74336a26293a5127368300cde2b3d5b72b9307bf,255,K15,CDM -- l_isoleucine_100x -- l_asparagine_100x,3,False,False,S. mutans UA159,aerobic
Plate 2$74336a26293a5127368300cde2b3d5b72b9307bf,256,K16,CDM -- l_methionine_100x -- l_phenylalanine_100x,2,False,False,S. mutans UA159,aerobic
Plate 2$74336a26293a5127368300cde2b3d5b72b9307bf,257,K17,CDM -- l_glutamine_100x -- l_tyrosine_100x,1,False,False,S. mutans UA159,aerobic
Plate 2$74336a26293a5127368300cde2b3d5b72b9307bf,258,K18,CDM -- dl_alanine_100x -- l_glutamine_100x,3,False,False,S. mutans UA159,aerobic
Plate 2$74336a26293a5127368300cde2b3d5b72b9307bf,259,K19,CDM -- glycine_100x -- l_methionine_100x,2,False,False,S. mutans UA159,aerobic
Plate 2$74336a26293a5127368300cde2b3d5b72b9307bf,260,K20,CDM -- l_glutamine_100x -- prolines_100x,2,False,False,S. mutans UA159,aerobic
Plate 2$74336a26293a5127368300cde2b3d5b72b9307bf,261,K21,CDM -- glycine_100x -- l_tryptophan_100x,1,False,False,S. mutans UA159,aerobic
Plate 2$74336a26293a5127368300cde2b3d5b72b9307bf,262,K22,CDM -- l_tryptophan_100x -- l_serine_100x,1,False,False,S. mutans UA159,aerobic
Plate 2$74336a26293a5127368300cde2b3d5b72b9307bf,263,K23,CDM -- glycine_100x -- l_glutamic_acid_75x,1,False,False,S. mutans UA159,aerobic
Plate 2$74336a26293a5127368300cde2b3d5b72b9307bf,264,K24,CDM -- l_asparagine_100x -- l_glutamine_100x,1,False,False,S. mutans UA159,aerobic
Plate 2$74336a26293a5127368300cde2b3d5b72b9307bf,265,L1,CDM -- l_asparagine_100x -- l_arginine_100x,2,False,False,S. mutans UA159,aerobic
Plate 2$74336a26293a5127368300cde2b3d5b72b9307bf,266,L2,CDM -- l_leucine_100x -- l_tyrosine_100x,3,False,False,S. mutans UA159,aerobic
Plate 2$74336a26293a5127368300cde2b3d5b72b9307bf,267,L3,CDM -- glycine_100x -- l_histidine_100x,3,False,False,S. mutans UA159,aerobic
Plate 2$74336a26293a5127368300cde2b3d5b72b9307bf,268,L4,CDM -- dl_alanine_100x -- l_tyrosine_100x,3,False,False,S. mutans UA159,aerobic
Plate 2$74336a26293a5127368300cde2b3d5b72b9307bf,269,L5,CDM -- l_methionine_100x -- l_glutamine_100x,1,False,False,S. mutans UA159,aerobic
Plate 2$74336a26293a5127368300cde2b3d5b72b9307bf,270,L6,CDM -- l_arginine_100x -- l_cysteine_100x,2,False,False,S. mutans UA159,aerobic
Plate 2$74336a26293a5127368300cde2b3d5b72b9307bf,271,L7,CDM -- l_valine_100x -- l_lysine_100x,3,False,False,S. mutans UA159,aerobic
Plate 2$74336a26293a5127368300cde2b3d5b72b9307bf,272,L8,CDM -- glycine_100x -- l_methionine_100x,3,False,False,S. mutans UA159,aerobic
Plate 2$74336a26293a5127368300cde2b3d5b72b9307bf,273,L9,CDM -- dl_alanine_100x -- prolines_100x,1,False,False,S. mutans UA159,aerobic
Plate 2$74336a26293a5127368300cde2b3d5b72b9307bf,274,L10,CDM -- l_tryptophan_100x -- l_glutamic_acid_75x,2,False,False,S. mutans UA159,aerobic
Plate 2$74336a26293a5127368300cde2b3d5b72b9307bf,275,L11,CDM -- l_arginine_100x -- prolines_100x,1,False,False,S. mutans UA159,aerobic
Plate 2$74336a26293a5127368300cde2b3d5b72b9307bf,276,L12,CDM -- l_serine_100x -- l_histidine_100x,2,False,False,S. mutans UA159,aerobic
Plate 2$74336a26293a5127368300cde2b3d5b72b9307bf,277,L13,CDM -- glycine_100x -- l_aspartic_acid_45x,1,False,False,S. mutans UA159,aerobic
Plate 2$74336a26293a5127368300cde2b3d5b72b9307bf,278,L14,CDM -- prolines_100x -- l_cysteine_100x,1,False,False,S. mutans UA159,aerobic
Plate 2$74336a26293a5127368300cde2b3d5b72b9307bf,279,L15,CDM -- l_phenylalanine_100x -- l_histidine_100x,1,False,False,S. mutans UA159,aerobic
Plate 2$74336a26293a5127368300cde2b3d5b72b9307bf,280,L16,CDM -- l_aspartic_acid_45x -- l_serine_100x,3,False,False,S. mutans UA159,aerobic
Plate 2$74336a26293a5127368300cde2b3d5b72b9307bf,281,L17,CDM -- l_methionine_100x -- l_cysteine_100x,1,False,False,S. mutans UA159,aerobic
Plate 2$74336a26293a5127368300cde2b3d5b72b9307bf,282,L18,CDM -- l_arginine_100x -- prolines_100x,3,False,False,S. mutans UA159,aerobic
Plate 2$74336a26293a5127368300cde2b3d5b72b9307bf,283,L19,CDM -- prolines_100x -- l_histidine_100x,2,False,False,S. mutans UA159,aerobic
Plate 2$74336a26293a5127368300cde2b3d5b72b9307bf,284,L20,CDM -- l_tryptophan_100x -- l_lysine_100x,3,False,False,S. mutans UA159,aerobic
Plate 2$74336a26293a5127368300cde2b3d5b72b9307bf,285,L21,CDM -- l_asparagine_100x -- l_serine_100x,2,False,False,S. mutans UA159,aerobic
Plate 2$74336a26293a5127368300cde2b3d5b72b9307bf,286,L22,CDM -- l_aspartic_acid_45x,3,False,False,S. mutans UA159,aerobic
Plate 2$74336a26293a5127368300cde2b3d5b72b9307bf,287,L23,CDM,1,True,False,S. mutans UA159,aerobic
Plate 2$74336a26293a5127368300cde2b3d5b72b9307bf,288,L24,CDM -- l_asparagine_100x -- l_cysteine_100x,3,False,False,S. mutans UA159,aerobic
Plate 2$74336a26293a5127368300cde2b3d5b72b9307bf,289,M1,CDM -- l_methionine_100x -- l_glutamine_100x,2,False,False,S. mutans UA159,aerobic
Plate 2$74336a26293a5127368300cde2b3d5b72b9307bf,290,M2,CDM -- l_isoleucine_100x -- l_serine_100x,1,False,False,S. mutans UA159,aerobic
Plate 2$74336a26293a5127368300cde2b3d5b72b9307bf,291,M3,CDM -- l_leucine_100x -- prolines_100x,3,False,False,S. mutans UA159,aerobic
Plate 2$74336a26293a5127368300cde2b3d5b72b9307bf,292,M4,CDM -- l_threonine_100x -- l_valine_100x,3,False,False,S. mutans UA159,aerobic
Plate 2$74336a26293a5127368300cde2b3d5b72b9307bf,293,M5,CDM -- l_threonine_100x -- l_tryptophan_100x,2,False,False,S. mutans UA159,aerobic
Plate 2$74336a26293a5127368300cde2b3d5b72b9307bf,294,M6,CDM -- l_methionine_100x -- l_cysteine_100x,2,False,False,S. mutans UA159,aerobic
Plate 2$74336a26293a5127368300cde2b3d5b72b9307bf,295,M7,CDM -- l_lysine_100x -- l_tyrosine_100x,3,False,False,S. mutans UA159,aerobic
Plate 2$74336a26293a5127368300cde2b3d5b72b9307bf,296,M8,CDM -- l_leucine_100x -- l_threonine_100x,3,False,False,S. mutans UA159,aerobic
Plate 2$74336a26293a5127368300cde2b3d5b72b9307bf,297,M9,CDM -- l_serine_100x -- l_histidine_100x,1,False,False,S. mutans UA159,aerobic
Plate 2$74336a26293a5127368300cde2b3d5b72b9307bf,298,M10,CDM -- l_tyrosine_100x -- l_cysteine_100x,2,False,False,S. mutans UA159,aerobic
Plate 2$74336a26293a5127368300cde2b3d5b72b9307bf,299,M11,CDM -- dl_alanine_100x -- glycine_100x,1,False,False,S. mutans UA159,aerobic
Plate 2$74336a26293a5127368300cde2b3d5b72b9307bf,300,M12,CDM -- l_glutamine_100x -- l_histidine_100x,1,False,False,S. mutans UA159,aerobic
Plate 2$74336a26293a5127368300cde2b3d5b72b9307bf,301,M13,CDM -- l_asparagine_100x -- l_leucine_100x,1,False,False,S. mutans UA159,aerobic
Plate 2$74336a26293a5127368300cde2b3d5b72b9307bf,302,M14,CDM -- l_isoleucine_100x -- l_glutamine_100x,2,False,False,S. mutans UA159,aerobic
Plate 2$74336a26293a5127368300cde2b3d5b72b9307bf,303,M15,CDM -- l_methionine_100x -- l_arginine_100x,2,False,False,S. mutans UA159,aerobic
Plate 2$74336a26293a5127368300cde2b3d5b72b9307bf,304,M16,CDM -- l_methionine_100x -- l_threonine_100x,1,False,False,S. mutans UA159,aerobic
Plate 2$74336a26293a5127368300cde2b3d5b72b9307bf,305,M17,CDM -- dl_alanine_100x -- l_cysteine_100x,2,False,False,S. mutans UA159,aerobic
Plate 2$74336a26293a5127368300cde2b3d5b72b9307bf,306,M18,CDM -- l_tyrosine_100x -- l_histidine_100x,3,False,False,S. mutans UA159,aerobic
Plate 2$74336a26293a5127368300cde2b3d5b72b9307bf,307,M19,CDM -- l_serine_100x -- l_phenylalanine_100x,1,False,False,S. mutans UA159,aerobic
Plate 2$74336a26293a5127368300cde2b3d5b72b9307bf,308,M20,CDM -- l_methionine_100x -- prolines_100x,1,False,False,S. mutans UA159,aerobic
Plate 2$74336a26293a5127368300cde2b3d5b72b9307bf,309,M21,CDM -- dl_alanine_100x -- prolines_100x,2,False,False,S. mutans UA159,aerobic
Plate 2$74336a26293a5127368300cde2b3d5b72b9307bf,310,M22,CDM -- l_isoleucine_100x -- l_asparagine_100x,1,False,False,S. mutans UA159,aerobic
Plate 2$74336a26293a5127368300cde2b3d5b72b9307bf,311,M23,CDM -- l_methionine_100x -- l_phenylalanine_100x,1,False,False,S. mutans UA159,aerobic
Plate 2$74336a26293a5127368300cde2b3d5b72b9307bf,312,M24,CDM -- l_isoleucine_100x -- l_glutamine_100x,3,False,False,S. mutans UA159,aerobic
Plate 2$74336a26293a5127368300cde2b3d5b72b9307bf,313,N1,CDM -- l_glutamic_acid_75x,3,False,False,S. mutans UA159,aerobic
Plate 2$74336a26293a5127368300cde2b3d5b72b9307bf,314,N2,CDM -- l_lysine_100x -- l_histidine_100x,3,False,False,S. mutans UA159,aerobic
Plate 2$74336a26293a5127368300cde2b3d5b72b9307bf,315,N3,CDM -- l_arginine_100x -- l_tyrosine_100x,1,False,False,S. mutans UA159,aerobic
Plate 2$74336a26293a5127368300cde2b3d5b72b9307bf,316,N4,CDM -- glycine_100x -- l_valine_100x,3,False,False,S. mutans UA159,aerobic
Plate 2$74336a26293a5127368300cde2b3d5b72b9307bf,317,N5,CDM,3,False,True,S. mutans UA159,aerobic
Plate 2$74336a26293a5127368300cde2b3d5b72b9307bf,318,N6,CDM -- glycine_100x -- l_leucine_100x,2,False,False,S. mutans UA159,aerobic
Plate 2$74336a26293a5127368300cde2b3d5b72b9307bf,319,N7,CDM -- l_methionine_100x -- l_leucine_100x,2,False,False,S. mutans UA159,aerobic
Plate 2$74336a26293a5127368300cde2b3d5b72b9307bf,320,N8,CDM -- l_glutamic_acid_75x,2,False,False,S. mutans UA159,aerobic
Plate 2$74336a26293a5127368300cde2b3d5b72b9307bf,321,N9,CDM -- l_glutamic_acid_75x,1,False,False,S. mutans UA159,aerobic
